match_id,date,match_type,venue,city,opponent,is_home,is_sena,india_won,toss_winner,toss_decision,india_xi,num_india_players
63963,2001-12-19,TEST,"M Chinnaswamy Stadium, Bangalore",Bengaluru,England,1,0,-1,England,bat,"['SS Das', 'D Dasgupta', 'VVS Laxman', 'SR Tendulkar', 'R Dravid', 'SC Ganguly', 'V Sehwag', 'A Kumble', 'Harbhajan Singh', 'Sarandeep Singh', 'J Srinath']",11
66284,2002-06-29,ODI,"Lord's, London",London,England,0,1,1,England,bat,"['SC Ganguly', 'V Sehwag', 'D Mongia', 'SR Tendulkar', 'R Dravid', 'Yuvraj Singh', 'M Kaif', 'Harbhajan Singh', 'Z Khan', 'A Kumble', 'AB Agarkar']",11
64814,2002-12-29,ODI,"McLean Park, Napier",Napier,New Zealand,0,0,0,India,field,"['SC Ganguly', 'V Sehwag', 'VVS Laxman', 'R Dravid', 'Yuvraj Singh', 'M Kaif', 'SB Bangar', 'Harbhajan Singh', 'Z Khan', 'J Srinath', 'A Nehra']",11
64815,2003-01-01,ODI,"Jade Stadium, Christchurch",Christchurch,New Zealand,0,1,0,India,bat,"['V Sehwag', 'SC Ganguly', 'VVS Laxman', 'R Dravid', 'M Kaif', 'Yuvraj Singh', 'SB Bangar', 'AB Agarkar', 'Z Khan', 'Harbhajan Singh', 'J Srinath']",11
64816,2003-01-04,ODI,"Davies Park, Queenstown",Queenstown,New Zealand,0,0,0,New Zealand,field,"['V Sehwag', 'R Dravid', 'D Mongia', 'M Kaif', 'SC Ganguly', 'Yuvraj Singh', 'PA Patel', 'AB Agarkar', 'Z Khan', 'J Srinath', 'A Nehra']",11
64817,2003-01-08,ODI,"Westpac Stadium, Wellington",Wellington,New Zealand,0,1,1,New Zealand,bat,"['SC Ganguly', 'V Sehwag', 'D Mongia', 'SR Tendulkar', 'R Dravid', 'Yuvraj Singh', 'M Kaif', 'A Kumble', 'Z Khan', 'J Srinath', 'A Nehra']",11
64819,2003-01-14,ODI,"Westpac Park, Hamilton",Hamilton,New Zealand,0,1,0,New Zealand,field,"['SC Ganguly', 'V Sehwag', 'SR Tendulkar', 'D Mongia', 'R Dravid', 'Yuvraj Singh', 'M Kaif', 'A Kumble', 'Z Khan', 'J Srinath', 'A Nehra']",11
65241,2003-02-12,ODI,"Boland Bank Park, Paarl",Paarl,Netherlands,0,0,1,India,bat,"['SC Ganguly', 'SR Tendulkar', 'V Sehwag', 'R Dravid', 'Yuvraj Singh', 'M Kaif', 'D Mongia', 'Harbhajan Singh', 'A Kumble', 'Z Khan', 'J Srinath']",11
65244,2003-02-15,ODI,"SuperSport Park, Centurion",Centurion,Australia,0,1,0,India,bat,"['SC Ganguly', 'SR Tendulkar', 'V Sehwag', 'R Dravid', 'Yuvraj Singh', 'M Kaif', 'D Mongia', 'A Kumble', 'Harbhajan Singh', 'Z Khan', 'J Srinath']",11
65250,2003-02-19,ODI,Harare Sports Club,Harare,Zimbabwe,0,0,1,Zimbabwe,field,"['V Sehwag', 'SR Tendulkar', 'D Mongia', 'SC Ganguly', 'R Dravid', 'Yuvraj Singh', 'M Kaif', 'Harbhajan Singh', 'Z Khan', 'A Nehra', 'J Srinath']",11
65257,2003-02-23,ODI,"City Oval, Pietermaritzburg",Pietermaritzburg,Namibia,0,1,1,Namibia,field,"['V Sehwag', 'SR Tendulkar', 'SC Ganguly', 'Yuvraj Singh', 'R Dravid', 'D Mongia', 'M Kaif', 'Harbhajan Singh', 'Z Khan', 'A Nehra', 'J Srinath']",11
65262,2003-02-26,ODI,"Kingsmead, Durban",Durban,England,0,1,1,India,bat,"['V Sehwag', 'SR Tendulkar', 'SC Ganguly', 'D Mongia', 'R Dravid', 'Yuvraj Singh', 'M Kaif', 'Harbhajan Singh', 'Z Khan', 'J Srinath', 'A Nehra']",11
65268,2003-03-01,ODI,"SuperSport Park, Centurion",Centurion,Pakistan,0,1,1,Pakistan,bat,"['SR Tendulkar', 'V Sehwag', 'SC Ganguly', 'M Kaif', 'R Dravid', 'Yuvraj Singh', 'D Mongia', 'A Kumble', 'Z Khan', 'J Srinath', 'A Nehra']",11
65276,2003-03-07,ODI,"Newlands, Cape Town",Cape Town,Kenya,0,1,1,Kenya,bat,"['V Sehwag', 'SR Tendulkar', 'SC Ganguly', 'M Kaif', 'R Dravid', 'Yuvraj Singh', 'D Mongia', 'Harbhajan Singh', 'Z Khan', 'A Nehra', 'J Srinath']",11
65278,2003-03-10,ODI,"New Wanderers Stadium, Johannesburg",Johannesburg,Sri Lanka,0,1,1,Sri Lanka,field,"['SR Tendulkar', 'V Sehwag', 'SC Ganguly', 'M Kaif', 'Yuvraj Singh', 'R Dravid', 'D Mongia', 'Harbhajan Singh', 'Z Khan', 'A Nehra', 'J Srinath']",11
65281,2003-03-14,ODI,"SuperSport Park, Centurion",Centurion,New Zealand,0,1,1,India,field,"['V Sehwag', 'SR Tendulkar', 'SC Ganguly', 'M Kaif', 'R Dravid', 'Yuvraj Singh', 'D Mongia', 'J Srinath', 'A Nehra', 'Z Khan', 'Harbhajan Singh']",11
65285,2003-03-20,ODI,"Kingsmead, Durban",Durban,Kenya,0,1,1,India,bat,"['V Sehwag', 'SR Tendulkar', 'SC Ganguly', 'M Kaif', 'Yuvraj Singh', 'R Dravid', 'D Mongia', 'J Srinath', 'A Nehra', 'Z Khan', 'Harbhajan Singh']",11
65286,2003-03-23,ODI,"New Wanderers Stadium, Johannesburg",Johannesburg,Australia,0,1,0,India,field,"['SR Tendulkar', 'V Sehwag', 'SC Ganguly', 'M Kaif', 'R Dravid', 'Yuvraj Singh', 'D Mongia', 'Harbhajan Singh', 'Z Khan', 'J Srinath', 'A Nehra']",11
66356,2003-04-21,ODI,"Bangabandhu National Stadium, Dhaka",Dhaka,South Africa,0,0,-1,India,bat,"['V Sehwag', 'G Gambhir', 'SC Ganguly', 'M Kaif', 'Yuvraj Singh', 'D Mongia', 'PA Patel', 'AB Agarkar', 'Harbhajan Singh', 'Z Khan', 'A Mishra']",11
64047,2003-10-16,TEST,"Punjab Cricket Association Stadium, Mohali, Chandigarh",Chandigarh,New Zealand,1,0,-1,New Zealand,bat,"['A Chopra', 'V Sehwag', 'R Dravid', 'SR Tendulkar', 'VVS Laxman', 'Yuvraj Singh', 'PA Patel', 'A Kumble', 'Harbhajan Singh', 'L Balaji', 'Z Khan']",11
66364,2003-10-23,ODI,"MA Chidambaram Stadium, Chepauk, Chennai",Chennai,New Zealand,1,0,-1,India,bat,"['V Sehwag', 'SR Tendulkar', 'VVS Laxman', 'R Dravid', 'Yuvraj Singh', 'M Kaif', 'A Kumble', 'PA Patel', 'Harbhajan Singh', 'AB Agarkar', 'Z Khan']",11
66365,2003-10-26,ODI,"Captain Roop Singh Stadium, Gwalior",Gwalior,Australia,0,0,1,India,bat,"['V Sehwag', 'SR Tendulkar', 'VVS Laxman', 'Yuvraj Singh', 'AB Agarkar', 'M Kaif', 'PA Patel', 'R Dravid', 'Harbhajan Singh', 'A Kumble', 'Z Khan']",11
66367,2003-11-01,ODI,"Wankhede Stadium, Mumbai",Mumbai,Australia,1,0,0,Australia,bat,"['V Sehwag', 'SR Tendulkar', 'VVS Laxman', 'R Dravid', 'Yuvraj Singh', 'M Kaif', 'AB Agarkar', 'PA Patel', 'Harbhajan Singh', 'A Kumble', 'Z Khan']",11
66369,2003-11-06,ODI,"Barabati Stadium, Cuttack",Cuttack,New Zealand,1,0,0,India,bat,"['VVS Laxman', 'SR Tendulkar', 'M Kaif', 'R Dravid', 'Yuvraj Singh', 'HK Badani', 'SV Bahutule', 'AB Agarkar', 'Harbhajan Singh', 'Z Khan', 'M Kartik']",11
66372,2003-11-15,ODI,"Lal Bahadur Shastri Stadium, Hyderabad, Deccan",Hyderabad,New Zealand,1,0,1,India,bat,"['V Sehwag', 'SR Tendulkar', 'SC Ganguly', 'Yuvraj Singh', 'R Dravid', 'VVS Laxman', 'M Kaif', 'AB Agarkar', 'A Kumble', 'M Kartik', 'Z Khan']",11
64059,2003-12-04,TEST,"Brisbane Cricket Ground, Woolloongabba, Brisbane",Brisbane,Australia,0,1,-1,India,field,"['A Chopra', 'V Sehwag', 'R Dravid', 'SR Tendulkar', 'SC Ganguly', 'VVS Laxman', 'PA Patel', 'AB Agarkar', 'Harbhajan Singh', 'Z Khan', 'A Nehra']",11
64062,2004-01-02,TEST,Sydney Cricket Ground,Sydney,Australia,0,1,-1,India,bat,"['A Chopra', 'V Sehwag', 'R Dravid', 'SR Tendulkar', 'VVS Laxman', 'SC Ganguly', 'PA Patel', 'AB Agarkar', 'IK Pathan', 'A Kumble', 'M Kartik']",11
65643,2004-01-09,ODI,Melbourne Cricket Ground,Melbourne,Australia,0,1,0,Australia,bat,"['V Sehwag', 'SR Tendulkar', 'SC Ganguly', 'VVS Laxman', 'R Dravid', 'Yuvraj Singh', 'SB Bangar', 'AB Agarkar', 'IK Pathan', 'A Kumble', 'L Balaji']",11
65645,2004-01-14,ODI,Bellerive Oval,Hobart,Zimbabwe,0,1,1,Zimbabwe,bat,"['V Sehwag', 'SR Tendulkar', 'HK Badani', 'VVS Laxman', 'SC Ganguly', 'Yuvraj Singh', 'R Dravid', 'AB Agarkar', 'IK Pathan', 'L Balaji', 'A Kumble']",11
65647,2004-01-18,ODI,Brisbane Cricket Ground,Brisbane,Australia,0,1,1,India,bat,"['SC Ganguly', 'SR Tendulkar', 'VVS Laxman', 'R Dravid', 'Yuvraj Singh', 'RS Gavaskar', 'HK Badani', 'IK Pathan', 'A Kumble', 'L Balaji', 'A Nehra']",11
65648,2004-01-20,ODI,Brisbane Cricket Ground,Brisbane,Zimbabwe,0,1,1,India,bat,"['PA Patel', 'SC Ganguly', 'VVS Laxman', 'R Dravid', 'Yuvraj Singh', 'RS Gavaskar', 'HK Badani', 'IK Pathan', 'A Nehra', 'A Kumble', 'L Balaji']",11
65649,2004-01-22,ODI,Sydney Cricket Ground,Sydney,Australia,0,1,0,India,bat,"['SC Ganguly', 'PA Patel', 'VVS Laxman', 'R Dravid', 'Yuvraj Singh', 'RS Gavaskar', 'HK Badani', 'AB Agarkar', 'M Kartik', 'IK Pathan', 'L Balaji']",11
65653,2004-02-01,ODI,W.A.C.A. Ground,Perth,Australia,0,1,0,India,bat,"['V Sehwag', 'SR Tendulkar', 'VVS Laxman', 'R Dravid', 'SC Ganguly', 'Yuvraj Singh', 'RS Gavaskar', 'AB Agarkar', 'IK Pathan', 'M Kartik', 'L Balaji']",11
65655,2004-02-06,ODI,Melbourne Cricket Ground,Melbourne,Australia,0,1,0,India,bat,"['V Sehwag', 'SR Tendulkar', 'VVS Laxman', 'R Dravid', 'SC Ganguly', 'Yuvraj Singh', 'HK Badani', 'AB Agarkar', 'IK Pathan', 'A Kumble', 'L Balaji']",11
65656,2004-02-08,ODI,Sydney Cricket Ground,Sydney,Australia,0,1,0,Australia,bat,"['V Sehwag', 'SR Tendulkar', 'VVS Laxman', 'SC Ganguly', 'R Dravid', 'Yuvraj Singh', 'HK Badani', 'IK Pathan', 'M Kartik', 'L Balaji', 'A Nehra']",11
64882,2004-03-16,ODI,Rawalpindi Cricket Stadium,Rawalpindi,Pakistan,0,0,0,Pakistan,bat,"['V Sehwag', 'SR Tendulkar', 'VVS Laxman', 'SC Ganguly', 'R Dravid', 'Yuvraj Singh', 'M Kaif', 'RR Powar', 'Z Khan', 'L Balaji', 'A Nehra']",11
64883,2004-03-19,ODI,Arbab Niaz Stadium,Peshawar,Pakistan,0,0,0,Pakistan,field,"['V Sehwag', 'SR Tendulkar', 'VVS Laxman', 'R Dravid', 'SC Ganguly', 'Yuvraj Singh', 'M Kaif', 'RR Powar', 'IK Pathan', 'L Balaji', 'Z Khan']",11
64884,2004-03-21,ODI,Gaddafi Stadium,Lahore,Pakistan,0,0,1,Pakistan,bat,"['V Sehwag', 'SR Tendulkar', 'VVS Laxman', 'SC Ganguly', 'R Dravid', 'Yuvraj Singh', 'M Kaif', 'M Kartik', 'IK Pathan', 'L Balaji', 'Z Khan']",11
64885,2004-03-24,ODI,Gaddafi Stadium,Lahore,Pakistan,0,0,1,Pakistan,field,"['V Sehwag', 'SR Tendulkar', 'VVS Laxman', 'SC Ganguly', 'R Dravid', 'Yuvraj Singh', 'M Kaif', 'IK Pathan', 'L Balaji', 'M Kartik', 'Z Khan']",11
64083,2004-04-13,TEST,Rawalpindi Cricket Stadium,Rawalpindi,Pakistan,0,0,1,India,field,"['V Sehwag', 'PA Patel', 'R Dravid', 'SR Tendulkar', 'VVS Laxman', 'SC Ganguly', 'Yuvraj Singh', 'IK Pathan', 'A Kumble', 'L Balaji', 'A Nehra']",11
65716,2004-07-27,ODI,R.Premadasa Stadium,Colombo,Sri Lanka,0,0,1,India,bat,"['SR Tendulkar', 'V Sehwag', 'SC Ganguly', 'R Dravid', 'Yuvraj Singh', 'M Kaif', 'PA Patel', 'IK Pathan', 'Harbhajan Singh', 'Z Khan', 'A Kumble']",11
65718,2004-08-01,ODI,R.Premadasa Stadium,Colombo,Sri Lanka,0,0,0,Sri Lanka,bat,"['V Sehwag', 'SR Tendulkar', 'SC Ganguly', 'VVS Laxman', 'R Dravid', 'Yuvraj Singh', 'M Kaif', 'IK Pathan', 'Harbhajan Singh', 'Z Khan', 'A Nehra']",11
66374,2004-08-21,ODI,VRA Cricket Ground,Amstelveen,Pakistan,0,0,0,India,field,"['V Sehwag', 'SC Ganguly', 'VVS Laxman', 'R Dravid', 'Yuvraj Singh', 'M Kaif', 'RS Gavaskar', 'AB Agarkar', 'IK Pathan', 'L Balaji', 'A Kumble']",11
66375,2004-08-23,ODI,VRA Cricket Ground,Amstelveen,Australia,0,0,-1,Australia,bat,"['A Kumble', 'Yuvraj Singh', 'SC Ganguly', 'V Sehwag', 'A Nehra', 'L Balaji', 'IK Pathan', 'R Dravid', 'VVS Laxman', 'RS Gavaskar', 'M Kaif']",11
65032,2004-09-01,ODI,Trent Bridge,Nottingham,England,0,1,0,England,field,"['V Sehwag', 'SC Ganguly', 'VVS Laxman', 'R Dravid', 'Yuvraj Singh', 'M Kaif', 'RS Gavaskar', 'IK Pathan', 'A Kumble', 'L Balaji', 'A Nehra']",11
65033,2004-09-03,ODI,Kennington Oval,London,England,0,1,0,India,field,"['SC Ganguly', 'V Sehwag', 'VVS Laxman', 'M Kaif', 'R Dravid', 'Yuvraj Singh', 'RS Gavaskar', 'AB Agarkar', 'IK Pathan', 'Harbhajan Singh', 'L Balaji']",11
65034,2004-09-05,ODI,Lord's,London,England,0,1,1,India,bat,"['SC Ganguly', 'VVS Laxman', 'M Kaif', 'V Sehwag', 'R Dravid', 'Yuvraj Singh', 'KD Karthik', 'Harbhajan Singh', 'IK Pathan', 'A Kumble', 'A Nehra']",11
66198,2004-09-11,ODI,The Rose Bowl,Southampton,Kenya,0,0,1,Kenya,field,"['SC Ganguly', 'V Sehwag', 'VVS Laxman', 'Yuvraj Singh', 'M Kaif', 'R Dravid', 'KD Karthik', 'Harbhajan Singh', 'IK Pathan', 'AB Agarkar', 'A Nehra']",11
66207,2004-09-19,ODI,Edgbaston,Birmingham,Pakistan,0,1,0,Pakistan,field,"['SC Ganguly', 'V Sehwag', 'VVS Laxman', 'M Kaif', 'R Dravid', 'Yuvraj Singh', 'RS Gavaskar', 'AB Agarkar', 'IK Pathan', 'Harbhajan Singh', 'A Nehra']",11
64100,2004-10-14,TEST,MA Chidambaram Stadium,Chennai,Australia,1,0,-1,Australia,bat,"['Yuvraj Singh', 'V Sehwag', 'IK Pathan', 'R Dravid', 'SC Ganguly', 'VVS Laxman', 'M Kaif', 'PA Patel', 'A Kumble', 'Harbhajan Singh', 'Z Khan']",11
64102,2004-11-03,TEST,Wankhede Stadium,Mumbai,Australia,1,0,1,India,bat,"['G Gambhir', 'V Sehwag', 'R Dravid', 'SR Tendulkar', 'VVS Laxman', 'M Kaif', 'KD Karthik', 'A Kumble', 'Harbhajan Singh', 'M Kartik', 'Z Khan']",11
64109,2004-11-20,TEST,Green Park,Kanpur,South Africa,1,0,-1,South Africa,bat,"['V Sehwag', 'G Gambhir', 'R Dravid', 'SR Tendulkar', 'SC Ganguly', 'VVS Laxman', 'KD Karthik', 'A Kumble', 'Harbhajan Singh', 'Z Khan', 'M Kartik']",11
64110,2004-11-28,TEST,Eden Gardens,Kolkata,South Africa,1,0,1,South Africa,bat,"['V Sehwag', 'G Gambhir', 'R Dravid', 'SR Tendulkar', 'SC Ganguly', 'VVS Laxman', 'KD Karthik', 'IK Pathan', 'A Kumble', 'Harbhajan Singh', 'Z Khan']",11
64111,2004-12-10,TEST,Bangabandhu National Stadium,Dhaka,Bangladesh,0,0,1,India,field,"['G Gambhir', 'V Sehwag', 'R Dravid', 'SR Tendulkar', 'SC Ganguly', 'VVS Laxman', 'KD Karthik', 'IK Pathan', 'A Kumble', 'Harbhajan Singh', 'Z Khan']",11
64914,2004-12-23,ODI,MA Aziz Stadium,Chattogram,Bangladesh,0,0,1,Bangladesh,field,"['SC Ganguly', 'SR Tendulkar', 'Yuvraj Singh', 'R Dravid', 'M Kaif', 'S Sriram', 'MS Dhoni', 'AB Agarkar', 'IK Pathan', 'Joginder Sharma', 'Harbhajan Singh']",11
64917,2004-12-27,ODI,Bangabandhu National Stadium,Dhaka,Bangladesh,0,0,1,India,bat,"['V Sehwag', 'SR Tendulkar', 'SC Ganguly', 'R Dravid', 'M Kaif', 'Yuvraj Singh', 'MS Dhoni', 'AB Agarkar', 'Harbhajan Singh', 'Z Khan', 'Joginder Sharma']",11
64939,2005-04-05,ODI,Dr. Y.S. Rajasekhara Reddy ACA-VDCA Cricket Stadium,Visakhapatnam,Pakistan,1,0,1,India,bat,"['V Sehwag', 'SR Tendulkar', 'MS Dhoni', 'SC Ganguly', 'R Dravid', 'Yuvraj Singh', 'M Kaif', 'Harbhajan Singh', 'L Balaji', 'Z Khan', 'A Nehra']",11
64941,2005-04-12,ODI,"Sardar Patel (Gujarat) Stadium, Motera",Ahmedabad,Pakistan,1,0,0,India,bat,"['V Sehwag', 'SR Tendulkar', 'MS Dhoni', 'SC Ganguly', 'R Dravid', 'Yuvraj Singh', 'M Kaif', 'Z Khan', 'M Kartik', 'L Balaji', 'A Nehra']",11
64942,2005-04-15,ODI,Green Park,Kanpur,Pakistan,1,0,0,India,bat,"['V Sehwag', 'SR Tendulkar', 'MS Dhoni', 'R Dravid', 'Yuvraj Singh', 'M Kaif', 'D Mongia', 'Z Khan', 'L Balaji', 'Harbhajan Singh', 'A Kumble']",11
64943,2005-04-17,ODI,Arun Jaitley Stadium,Delhi,Pakistan,1,0,0,Pakistan,bat,"['V Sehwag', 'SR Tendulkar', 'MS Dhoni', 'R Dravid', 'Yuvraj Singh', 'M Kaif', 'D Mongia', 'AB Agarkar', 'Harbhajan Singh', 'Z Khan', 'A Nehra']",11
214742,2005-07-31,ODI,Rangiri Dambulla International Stadium,Unknown,West Indies,0,0,1,West Indies,bat,"['M Kaif', 'V Sehwag', 'SK Raina', 'R Dravid', 'Yuvraj Singh', 'MS Dhoni', 'Y Venugopal Rao', 'IK Pathan', 'Harbhajan Singh', 'Z Khan', 'A Nehra']",11
217481,2005-08-29,ODI,Harare Sports Club,Unknown,Zimbabwe,0,0,1,Zimbabwe,field,"['SC Ganguly', 'Y Venugopal Rao', 'M Kaif', 'R Dravid', 'Yuvraj Singh', 'MS Dhoni', 'AB Agarkar', 'Jai Prakash Yadav', 'IK Pathan', 'Harbhajan Singh', 'A Nehra']",11
217979,2005-09-04,ODI,Harare Sports Club,Unknown,Zimbabwe,0,0,1,India,field,"['V Sehwag', 'SC Ganguly', 'M Kaif', 'R Dravid', 'Yuvraj Singh', 'Y Venugopal Rao', 'MS Dhoni', 'Jai Prakash Yadav', 'Harbhajan Singh', 'M Kartik', 'AB Agarkar', 'RP Singh']",12
218250,2005-09-06,ODI,Harare Sports Club,Unknown,New Zealand,0,0,0,India,bat,"['V Sehwag', 'SC Ganguly', 'M Kaif', 'R Dravid', 'Yuvraj Singh', 'Y Venugopal Rao', 'MS Dhoni', 'Jai Prakash Yadav', 'AB Agarkar', 'IK Pathan', 'A Nehra', 'Harbhajan Singh']",12
219062,2005-09-13,TEST,Queens Sports Club,Bulawayo,Zimbabwe,0,0,1,Zimbabwe,bat,"['G Gambhir', 'V Sehwag', 'R Dravid', 'VVS Laxman', 'SC Ganguly', 'Yuvraj Singh', 'KD Karthik', 'IK Pathan', 'A Kumble', 'Harbhajan Singh', 'Z Khan']",11
223018,2005-10-25,ODI,Vidarbha C.A. Ground,Nagpur,Sri Lanka,1,0,1,India,bat,"['V Sehwag', 'SR Tendulkar', 'IK Pathan', 'Yuvraj Singh', 'R Dravid', 'MS Dhoni', 'AB Agarkar', 'Jai Prakash Yadav', 'Harbhajan Singh', 'Y Venugopal Rao', 'S Sreesanth', 'M Kartik']",12
223334,2005-10-28,ODI,"Punjab Cricket Association IS Bindra Stadium, Mohali",Chandigarh,Sri Lanka,1,0,1,India,field,"['V Sehwag', 'SR Tendulkar', 'Jai Prakash Yadav', 'R Dravid', 'Yuvraj Singh', 'MS Dhoni', 'AB Agarkar', 'IK Pathan', 'Harbhajan Singh', 'Y Venugopal Rao', 'M Kartik']",11
223902,2005-11-03,ODI,Nehru Stadium,Pune,Sri Lanka,1,0,1,India,field,"['V Sehwag', 'SR Tendulkar', 'Yuvraj Singh', 'R Dravid', 'Y Venugopal Rao', 'MS Dhoni', 'IK Pathan', 'SK Raina', 'AB Agarkar', 'Harbhajan Singh', 'Jai Prakash Yadav', 'S Sreesanth']",12
224231,2005-11-06,ODI,"Sardar Patel (Gujarat) Stadium, Motera",Ahmedabad,Sri Lanka,1,0,0,Sri Lanka,field,"['G Gambhir', 'V Sehwag', 'MS Dhoni', 'Yuvraj Singh', 'R Dravid', 'Y Venugopal Rao', 'SK Raina', 'AB Agarkar', 'M Kartik', 'RP Singh', 'S Sreesanth', 'Jai Prakash Yadav']",12
224556,2005-11-09,ODI,Madhavrao Scindia Cricket Ground,Rajkot,Sri Lanka,1,0,1,India,field,"['G Gambhir', 'SR Tendulkar', 'V Sehwag', 'M Kaif', 'Yuvraj Singh', 'MS Dhoni', 'IK Pathan', 'SK Raina', 'Harbhajan Singh', 'S Sreesanth', 'RP Singh', 'M Kartik']",12
225437,2005-11-12,ODI,Reliance Stadium,Vadodara,Sri Lanka,0,0,1,Sri Lanka,bat,"['V Sehwag', 'SR Tendulkar', 'IK Pathan', 'MS Dhoni', 'M Kaif', 'R Dravid', 'Yuvraj Singh', 'AB Agarkar', 'Harbhajan Singh', 'SK Raina', 'M Kartik', 'RP Singh']",12
225959,2005-11-16,ODI,"Rajiv Gandhi International Stadium, Uppal",Hyderabad,South Africa,1,0,0,South Africa,field,"['V Sehwag', 'SR Tendulkar', 'M Kaif', 'R Dravid', 'Yuvraj Singh', 'G Gambhir', 'IK Pathan', 'MS Dhoni', 'AB Agarkar', 'Harbhajan Singh', 'RP Singh', 'M Kartik']",12
226359,2005-11-28,ODI,Wankhede Stadium,Mumbai,South Africa,1,0,1,India,field,"['G Gambhir', 'SR Tendulkar', 'V Sehwag', 'R Dravid', 'Yuvraj Singh', 'MS Dhoni', 'M Kaif', 'Harbhajan Singh', 'M Kartik', 'AB Agarkar', 'IK Pathan', 'RP Singh']",12
226363,2005-12-18,TEST,Sardar Patel Stadium,Ahmedabad,Sri Lanka,1,0,1,India,bat,"['G Gambhir', 'V Sehwag', 'VVS Laxman', 'SR Tendulkar', 'Yuvraj Singh', 'M Kaif', 'MS Dhoni', 'IK Pathan', 'AB Agarkar', 'A Kumble', 'Harbhajan Singh']",11
233797,2006-01-21,TEST,Iqbal Stadium,Faisalabad,Pakistan,0,0,-1,Pakistan,bat,"['VVS Laxman', 'R Dravid', 'V Sehwag', 'SR Tendulkar', 'Yuvraj Singh', 'MS Dhoni', 'IK Pathan', 'Harbhajan Singh', 'A Kumble', 'Z Khan', 'RP Singh']",11
234783,2006-01-29,TEST,National Stadium,Karachi,Pakistan,0,0,0,India,field,"['V Sehwag', 'R Dravid', 'VVS Laxman', 'SR Tendulkar', 'SC Ganguly', 'Yuvraj Singh', 'MS Dhoni', 'IK Pathan', 'A Kumble', 'Z Khan', 'RP Singh']",11
235831,2006-02-06,ODI,Arbab Niaz Stadium,Peshawar,Pakistan,0,0,0,Pakistan,field,"['V Sehwag', 'SR Tendulkar', 'IK Pathan', 'MS Dhoni', 'Yuvraj Singh', 'R Dravid', 'M Kaif', 'AB Agarkar', 'Z Khan', 'M Kartik', 'S Sreesanth', 'SK Raina']",12
236520,2006-02-11,ODI,Rawalpindi Cricket Stadium,Unknown,Pakistan,0,0,1,Pakistan,bat,"['V Sehwag', 'SR Tendulkar', 'R Dravid', 'Yuvraj Singh', 'M Kaif', 'IK Pathan', 'MS Dhoni', 'SK Raina', 'AB Agarkar', 'Z Khan', 'RR Powar', 'S Sreesanth']",12
236809,2006-02-13,ODI,Gaddafi Stadium,Lahore,Pakistan,0,0,1,India,field,"['G Gambhir', 'SR Tendulkar', 'IK Pathan', 'R Dravid', 'Yuvraj Singh', 'M Kaif', 'MS Dhoni', 'SK Raina', 'Z Khan', 'RP Singh', 'S Sreesanth', 'AB Agarkar']",12
237222,2006-02-16,ODI,Multan Cricket Stadium,Unknown,Pakistan,0,0,1,India,field,"['G Gambhir', 'SR Tendulkar', 'R Dravid', 'Yuvraj Singh', 'M Kaif', 'SK Raina', 'MS Dhoni', 'IK Pathan', 'AB Agarkar', 'RP Singh', 'S Sreesanth']",11
237571,2006-02-19,ODI,National Stadium,Karachi,Pakistan,0,0,1,India,field,"['G Gambhir', 'R Dravid', 'Yuvraj Singh', 'MS Dhoni', 'SK Raina', 'M Kaif', 'RR Powar', 'AB Agarkar', 'Z Khan', 'RP Singh', 'S Sreesanth']",11
239025,2006-03-01,TEST,Vidarbha C.A. Ground,Nagpur,England,1,0,-1,England,bat,"['W Jaffer', 'V Sehwag', 'R Dravid', 'IK Pathan', 'MS Dhoni', 'SR Tendulkar', 'Harbhajan Singh', 'VVS Laxman', 'A Kumble', 'M Kaif', 'S Sreesanth']",11
238186,2006-03-09,TEST,"Punjab Cricket Association IS Bindra Stadium, Mohali",Chandigarh,England,1,0,1,England,bat,"['W Jaffer', 'V Sehwag', 'R Dravid', 'SR Tendulkar', 'Yuvraj Singh', 'MS Dhoni', 'IK Pathan', 'A Kumble', 'PP Chawla', 'Harbhajan Singh', 'MM Patel']",11
238188,2006-03-28,ODI,Feroz Shah Kotla,Delhi,England,1,0,1,England,field,"['G Gambhir', 'V Sehwag', 'R Dravid', 'Yuvraj Singh', 'M Kaif', 'SK Raina', 'IK Pathan', 'MS Dhoni', 'Harbhajan Singh', 'RP Singh', 'S Sreesanth']",11
238189,2006-03-31,ODI,Nahar Singh Stadium,Faridabad,England,0,0,1,England,bat,"['V Sehwag', 'G Gambhir', 'R Dravid', 'Yuvraj Singh', 'M Kaif', 'SK Raina', 'MS Dhoni', 'IK Pathan', 'Harbhajan Singh', 'RR Powar', 'S Sreesanth']",11
238190,2006-04-03,ODI,"Nehru Stadium, Fatorda",Margao,England,0,0,1,India,bat,"['V Sehwag', 'R Dravid', 'IK Pathan', 'Yuvraj Singh', 'M Kaif', 'SK Raina', 'MS Dhoni', 'RR Powar', 'Harbhajan Singh', 'AB Agarkar', 'MM Patel']",11
238193,2006-04-12,ODI,Keenan Stadium,Jamshedpur,England,0,0,0,India,bat,"['V Sehwag', 'MS Dhoni', 'M Kaif', 'Yuvraj Singh', 'SK Raina', 'Y Venugopal Rao', 'RR Powar', 'Harbhajan Singh', 'RP Singh', 'VRV Singh', 'MM Patel']",11
238194,2006-04-15,ODI,Maharani Usharaje Trust Cricket Ground,Indore,England,1,0,1,India,field,"['RV Uthappa', 'R Dravid', 'Yuvraj Singh', 'SK Raina', 'IK Pathan', 'KD Karthik', 'Y Venugopal Rao', 'RR Powar', 'RP Singh', 'VRV Singh', 'S Sreesanth']",11
244510,2006-04-18,ODI,Sheikh Zayed Stadium,Abu Dhabi,Pakistan,0,0,0,India,bat,"['RV Uthappa', 'R Dravid', 'IK Pathan', 'Yuvraj Singh', 'SK Raina', 'Y Venugopal Rao', 'MS Dhoni', 'AB Agarkar', 'RR Powar', 'Harbhajan Singh', 'S Sreesanth']",11
244511,2006-04-19,ODI,Sheikh Zayed Stadium,Abu Dhabi,Pakistan,0,0,1,India,bat,"['V Sehwag', 'R Dravid', 'MS Dhoni', 'Yuvraj Singh', 'SK Raina', 'IK Pathan', 'Y Venugopal Rao', 'AB Agarkar', 'RR Powar', 'Harbhajan Singh', 'S Sreesanth']",11
239916,2006-05-20,ODI,"Sabina Park, Kingston",Jamaica,West Indies,0,0,0,India,field,"['R Dravid', 'V Sehwag', 'IK Pathan', 'Yuvraj Singh', 'M Kaif', 'SK Raina', 'MS Dhoni', 'AB Agarkar', 'RR Powar', 'Harbhajan Singh', 'MM Patel']",11
239917,2006-05-23,ODI,"Warner Park, Basseterre",St Kitts,West Indies,0,0,0,India,bat,"['V Sehwag', 'R Dravid', 'SK Raina', 'M Kaif', 'MS Dhoni', 'Y Venugopal Rao', 'IK Pathan', 'RR Powar', 'AB Agarkar', 'Harbhajan Singh', 'S Sreesanth']",11
239918,2006-05-26,ODI,"Queen's Park Oval, Port of Spain",Trinidad,West Indies,0,1,0,West Indies,field,"['V Sehwag', 'R Dravid', 'SK Raina', 'Yuvraj Singh', 'M Kaif', 'MS Dhoni', 'IK Pathan', 'AB Agarkar', 'RR Powar', 'Harbhajan Singh', 'S Sreesanth']",11
239919,2006-05-28,ODI,"Queen's Park Oval, Port of Spain",Trinidad,West Indies,0,1,0,India,field,"['RV Uthappa', 'V Sehwag', 'MS Dhoni', 'R Dravid', 'Yuvraj Singh', 'M Kaif', 'SK Raina', 'AB Agarkar', 'Harbhajan Singh', 'MM Patel', 'S Sreesanth']",11
239920,2006-06-02,TEST,"Antigua Recreation Ground, St John's",Antigua,West Indies,0,0,-1,India,bat,"['W Jaffer', 'V Sehwag', 'VVS Laxman', 'R Dravid', 'Yuvraj Singh', 'M Kaif', 'MS Dhoni', 'A Kumble', 'MM Patel', 'VRV Singh', 'S Sreesanth']",11
239921,2006-06-10,TEST,"Daren Sammy National Cricket Stadium, Gros Islet",St Lucia,West Indies,0,0,-1,India,bat,"['W Jaffer', 'V Sehwag', 'VVS Laxman', 'R Dravid', 'Yuvraj Singh', 'M Kaif', 'MS Dhoni', 'IK Pathan', 'A Kumble', 'VRV Singh', 'MM Patel']",11
239922,2006-06-22,TEST,"Warner Park, Basseterre",St Kitts,West Indies,0,0,-1,West Indies,bat,"['W Jaffer', 'V Sehwag', 'VVS Laxman', 'R Dravid', 'MS Dhoni', 'Yuvraj Singh', 'M Kaif', 'A Kumble', 'MM Patel', 'Harbhajan Singh', 'S Sreesanth']",11
239923,2006-06-30,TEST,"Sabina Park, Kingston",Jamaica,West Indies,0,0,1,India,bat,"['W Jaffer', 'V Sehwag', 'VVS Laxman', 'R Dravid', 'Yuvraj Singh', 'M Kaif', 'MS Dhoni', 'A Kumble', 'Harbhajan Singh', 'S Sreesanth', 'MM Patel']",11
256665,2006-08-18,ODI,Sinhalese Sports Club Ground,Colombo,Sri Lanka,0,0,-1,India,bat,"['R Dravid', 'SR Tendulkar', 'V Sehwag', 'Yuvraj Singh', 'M Kaif', 'MS Dhoni', 'IK Pathan', 'AB Agarkar', 'Harbhajan Singh', 'RR Powar', 'MM Patel']",11
256607,2006-09-14,ODI,Kinrara Academy Oval,Kuala Lumpur,West Indies,0,1,0,India,bat,"['R Dravid', 'SR Tendulkar', 'IK Pathan', 'V Sehwag', 'MS Dhoni', 'SK Raina', 'M Kaif', 'AB Agarkar', 'Harbhajan Singh', 'MM Patel', 'RP Singh']",11
256608,2006-09-16,ODI,Kinrara Academy Oval,Kuala Lumpur,Australia,0,1,-1,Australia,bat,"['R Dravid', 'SR Tendulkar', 'IK Pathan', 'V Sehwag', 'Yuvraj Singh', 'SK Raina', 'MS Dhoni', 'AB Agarkar', 'Harbhajan Singh', 'MM Patel', 'RP Singh']",11
256612,2006-09-20,ODI,Kinrara Academy Oval,Kuala Lumpur,West Indies,0,1,1,India,bat,"['R Dravid', 'SR Tendulkar', 'V Sehwag', 'SK Raina', 'Yuvraj Singh', 'MS Dhoni', 'AB Agarkar', 'Harbhajan Singh', 'RP Singh', 'S Sreesanth', 'MM Patel']",11
256614,2006-09-22,ODI,Kinrara Academy Oval,Kuala Lumpur,Australia,0,1,0,Australia,bat,"['V Sehwag', 'SR Tendulkar', 'M Kaif', 'R Dravid', 'D Mongia', 'SK Raina', 'MS Dhoni', 'AB Agarkar', 'Harbhajan Singh', 'RP Singh', 'MM Patel']",11
249745,2006-10-15,ODI,Sawai Mansingh Stadium,Jaipur,England,1,0,1,India,field,"['V Sehwag', 'SR Tendulkar', 'IK Pathan', 'R Dravid', 'Yuvraj Singh', 'MS Dhoni', 'SK Raina', 'Harbhajan Singh', 'AB Agarkar', 'RR Powar', 'MM Patel']",11
249753,2006-10-26,ODI,"Sardar Patel Stadium, Motera",Ahmedabad,West Indies,1,0,0,West Indies,field,"['V Sehwag', 'SR Tendulkar', 'IK Pathan', 'R Dravid', 'Yuvraj Singh', 'MS Dhoni', 'SK Raina', 'Harbhajan Singh', 'AB Agarkar', 'RP Singh', 'MM Patel']",11
249756,2006-10-29,ODI,"Punjab Cricket Association Stadium, Mohali",Chandigarh,Australia,1,0,0,India,bat,"['V Sehwag', 'SR Tendulkar', 'D Mongia', 'R Dravid', 'M Kaif', 'MS Dhoni', 'SK Raina', 'IK Pathan', 'Harbhajan Singh', 'MM Patel', 'S Sreesanth']",11
249211,2006-11-22,ODI,Kingsmead,Durban,South Africa,0,1,0,South Africa,bat,"['W Jaffer', 'SR Tendulkar', 'M Kaif', 'R Dravid', 'MS Dhoni', 'SK Raina', 'D Mongia', 'Harbhajan Singh', 'AB Agarkar', 'Z Khan', 'MM Patel']",11
249212,2006-11-26,ODI,Newlands,Cape Town,South Africa,0,1,0,South Africa,bat,"['V Sehwag', 'SR Tendulkar', 'R Dravid', 'M Kaif', 'KD Karthik', 'MS Dhoni', 'IK Pathan', 'Harbhajan Singh', 'AB Agarkar', 'Z Khan', 'A Kumble']",11
249213,2006-11-29,ODI,St George's Park,Port Elizabeth,South Africa,0,1,0,South Africa,bat,"['W Jaffer', 'V Sehwag', 'SR Tendulkar', 'M Kaif', 'KD Karthik', 'MS Dhoni', 'IK Pathan', 'AB Agarkar', 'Z Khan', 'A Kumble', 'S Sreesanth']",11
255954,2006-12-01,T20I,New Wanderers Stadium,Johannesburg,South Africa,0,1,1,South Africa,bat,"['V Sehwag', 'SR Tendulkar', 'D Mongia', 'MS Dhoni', 'KD Karthik', 'SK Raina', 'IK Pathan', 'Harbhajan Singh', 'Z Khan', 'AB Agarkar', 'S Sreesanth']",11
249214,2006-12-03,ODI,SuperSport Park,Centurion,South Africa,0,1,0,South Africa,field,"['V Sehwag', 'SR Tendulkar', 'VVS Laxman', 'D Mongia', 'MS Dhoni', 'KD Karthik', 'IK Pathan', 'Harbhajan Singh', 'Z Khan', 'A Kumble', 'S Sreesanth']",11
249215,2006-12-15,TEST,The Wanderers Stadium,Johannesburg,South Africa,0,1,1,India,bat,"['W Jaffer', 'V Sehwag', 'R Dravid', 'SR Tendulkar', 'VVS Laxman', 'SC Ganguly', 'MS Dhoni', 'A Kumble', 'Z Khan', 'S Sreesanth', 'VRV Singh']",11
249216,2006-12-26,TEST,Kingsmead,Durban,South Africa,0,1,0,South Africa,bat,"['W Jaffer', 'V Sehwag', 'R Dravid', 'SR Tendulkar', 'VVS Laxman', 'SC Ganguly', 'MS Dhoni', 'A Kumble', 'Z Khan', 'S Sreesanth', 'VRV Singh']",11
249217,2007-01-02,TEST,Newlands,Cape Town,South Africa,0,1,0,India,bat,"['W Jaffer', 'V Sehwag', 'R Dravid', 'SC Ganguly', 'SR Tendulkar', 'VVS Laxman', 'KD Karthik', 'A Kumble', 'Z Khan', 'S Sreesanth', 'MM Patel']",11
267708,2007-01-27,ODI,"MA Chidambaram Stadium, Chepauk",Chennai,West Indies,1,0,0,West Indies,field,"['RV Uthappa', 'G Gambhir', 'SK Raina', 'SR Tendulkar', 'R Dravid', 'Yuvraj Singh', 'KD Karthik', 'AB Agarkar', 'RR Powar', 'A Kumble', 'S Sreesanth']",11
267709,2007-01-31,ODI,Indian Petrochemicals Corporation Limited Sports Complex Ground,Vadodara,West Indies,1,0,1,West Indies,field,"['RV Uthappa', 'SC Ganguly', 'R Dravid', 'SR Tendulkar', 'MS Dhoni', 'Yuvraj Singh', 'AB Agarkar', 'IK Pathan', 'Harbhajan Singh', 'A Kumble', 'Z Khan']",11
267710,2007-02-08,ODI,Eden Gardens,Kolkata,Sri Lanka,1,0,-1,India,field,"['RV Uthappa', 'SC Ganguly', 'R Dravid', 'SR Tendulkar', 'V Sehwag', 'MS Dhoni', 'KD Karthik', 'Harbhajan Singh', 'Z Khan', 'S Sreesanth', 'MM Patel']",11
267712,2007-02-11,ODI,Madhavrao Scindia Cricket Ground,Rajkot,Sri Lanka,1,0,0,India,field,"['RV Uthappa', 'SC Ganguly', 'R Dravid', 'SR Tendulkar', 'V Sehwag', 'MS Dhoni', 'KD Karthik', 'Harbhajan Singh', 'A Kumble', 'S Sreesanth', 'MM Patel']",11
267715,2007-02-14,ODI,"Nehru Stadium, Fatorda",Margao,Sri Lanka,0,0,1,Sri Lanka,bat,"['SC Ganguly', 'V Sehwag', 'SR Tendulkar', 'Yuvraj Singh', 'R Dravid', 'MS Dhoni', 'KD Karthik', 'Harbhajan Singh', 'AB Agarkar', 'Z Khan', 'MM Patel']",11
267713,2007-02-17,ODI,Andhra Cricket Association-Visakhapatnam District Cricket Association Stadium,Visakhapatnam,Sri Lanka,1,0,1,India,field,"['V Sehwag', 'SC Ganguly', 'RV Uthappa', 'KD Karthik', 'Yuvraj Singh', 'R Dravid', 'MS Dhoni', 'Harbhajan Singh', 'AB Agarkar', 'Z Khan', 'S Sreesanth']",11
247464,2007-03-17,ODI,"Queen's Park Oval, Port of Spain",Trinidad,Bangladesh,0,1,0,India,bat,"['SC Ganguly', 'V Sehwag', 'RV Uthappa', 'SR Tendulkar', 'R Dravid', 'Yuvraj Singh', 'MS Dhoni', 'Harbhajan Singh', 'AB Agarkar', 'Z Khan', 'MM Patel']",11
247468,2007-03-19,ODI,"Queen's Park Oval, Port of Spain",Trinidad,Bermuda,0,1,1,Bermuda,field,"['RV Uthappa', 'SC Ganguly', 'V Sehwag', 'MS Dhoni', 'Yuvraj Singh', 'SR Tendulkar', 'R Dravid', 'AB Agarkar', 'A Kumble', 'Z Khan', 'MM Patel']",11
247476,2007-03-23,ODI,"Queen's Park Oval, Port of Spain",Trinidad,Sri Lanka,0,1,0,India,field,"['RV Uthappa', 'SC Ganguly', 'V Sehwag', 'SR Tendulkar', 'R Dravid', 'Yuvraj Singh', 'MS Dhoni', 'AB Agarkar', 'Harbhajan Singh', 'Z Khan', 'MM Patel']",11
282688,2007-05-10,ODI,Shere Bangla National Stadium,Mirpur,Bangladesh,0,0,1,Bangladesh,bat,"['G Gambhir', 'V Sehwag', 'MS Dhoni', 'Yuvraj Singh', 'R Dravid', 'D Mongia', 'KD Karthik', 'RR Powar', 'S Sreesanth', 'Z Khan', 'MM Patel']",11
282689,2007-05-12,ODI,Shere Bangla National Stadium,Mirpur,Bangladesh,0,0,1,India,bat,"['V Sehwag', 'G Gambhir', 'MS Dhoni', 'Yuvraj Singh', 'R Dravid', 'D Mongia', 'KD Karthik', 'PP Chawla', 'RR Powar', 'Z Khan', 'MM Patel']",11
282691,2007-05-18,TEST,Zahur Ahmed Chowdhury Stadium,Chattogram,Bangladesh,0,0,-1,India,bat,"['W Jaffer', 'KD Karthik', 'R Dravid', 'SR Tendulkar', 'SC Ganguly', 'MS Dhoni', 'RR Powar', 'Z Khan', 'A Kumble', 'VRV Singh', 'RP Singh']",11
282692,2007-05-25,TEST,"Shere Bangla National Stadium, Mirpur",Dhaka,Bangladesh,0,0,1,Bangladesh,field,"['KD Karthik', 'W Jaffer', 'R Dravid', 'SR Tendulkar', 'SC Ganguly', 'MS Dhoni', 'RR Powar', 'Z Khan', 'A Kumble', 'RP Singh', 'I Sharma']",11
293071,2007-06-23,ODI,"Civil Service Cricket Club, Stormont",Belfast,Ireland,0,0,1,India,field,"['SC Ganguly', 'SR Tendulkar', 'G Gambhir', 'R Dravid', 'Yuvraj Singh', 'KD Karthik', 'RG Sharma', 'AB Agarkar', 'RP Singh', 'PP Chawla', 'S Sreesanth']",11
293076,2007-06-26,ODI,"Civil Service Cricket Club, Stormont",Belfast,South Africa,0,0,0,South Africa,field,"['SC Ganguly', 'SR Tendulkar', 'G Gambhir', 'R Dravid', 'Yuvraj Singh', 'KD Karthik', 'RG Sharma', 'PP Chawla', 'RR Powar', 'Z Khan', 'RP Singh']",11
293077,2007-06-29,ODI,"Civil Service Cricket Club, Stormont",Belfast,South Africa,0,0,1,India,field,"['SC Ganguly', 'SR Tendulkar', 'R Dravid', 'Yuvraj Singh', 'MS Dhoni', 'KD Karthik', 'PP Chawla', 'RR Powar', 'Z Khan', 'RP Singh', 'I Sharma']",11
293078,2007-07-01,ODI,"Civil Service Cricket Club, Stormont",Belfast,South Africa,0,0,1,India,field,"['SC Ganguly', 'SR Tendulkar', 'G Gambhir', 'R Dravid', 'Yuvraj Singh', 'MS Dhoni', 'KD Karthik', 'PP Chawla', 'Z Khan', 'RP Singh', 'AB Agarkar']",11
258468,2007-07-19,TEST,Lord's,London,England,0,1,-1,England,bat,"['W Jaffer', 'KD Karthik', 'R Dravid', 'SR Tendulkar', 'SC Ganguly', 'VVS Laxman', 'MS Dhoni', 'A Kumble', 'Z Khan', 'RP Singh', 'S Sreesanth']",11
258469,2007-07-27,TEST,Trent Bridge,Nottingham,England,0,1,1,India,field,"['KD Karthik', 'W Jaffer', 'R Dravid', 'SR Tendulkar', 'SC Ganguly', 'VVS Laxman', 'MS Dhoni', 'A Kumble', 'Z Khan', 'RP Singh', 'S Sreesanth']",11
258470,2007-08-09,TEST,Kennington Oval,London,England,0,1,-1,India,bat,"['KD Karthik', 'W Jaffer', 'R Dravid', 'SR Tendulkar', 'SC Ganguly', 'VVS Laxman', 'MS Dhoni', 'A Kumble', 'Z Khan', 'RP Singh', 'S Sreesanth']",11
275789,2007-08-16,ODI,Titwood,Glasgow,Scotland,0,0,1,India,field,"['RV Uthappa', 'G Gambhir', 'KD Karthik', 'Yuvraj Singh', 'R Dravid', 'MS Dhoni', 'PP Chawla', 'AB Agarkar', 'RR Powar', 'RP Singh', 'MM Patel']",11
258471,2007-08-21,ODI,The Rose Bowl,Southampton,England,0,0,0,India,field,"['SC Ganguly', 'SR Tendulkar', 'G Gambhir', 'R Dravid', 'Yuvraj Singh', 'MS Dhoni', 'KD Karthik', 'AB Agarkar', 'PP Chawla', 'Z Khan', 'RP Singh']",11
258472,2007-08-24,ODI,County Ground,Bristol,England,0,0,1,India,bat,"['SC Ganguly', 'SR Tendulkar', 'Yuvraj Singh', 'R Dravid', 'MS Dhoni', 'KD Karthik', 'AB Agarkar', 'RR Powar', 'PP Chawla', 'RP Singh', 'MM Patel']",11
258473,2007-08-27,ODI,Edgbaston,Birmingham,England,0,1,0,India,field,"['SC Ganguly', 'SR Tendulkar', 'KD Karthik', 'R Dravid', 'Yuvraj Singh', 'MS Dhoni', 'RR Powar', 'PP Chawla', 'Z Khan', 'RP Singh', 'MM Patel']",11
258474,2007-08-30,ODI,Old Trafford,Manchester,England,0,1,0,India,bat,"['SC Ganguly', 'SR Tendulkar', 'KD Karthik', 'R Dravid', 'Yuvraj Singh', 'MS Dhoni', 'AB Agarkar', 'RR Powar', 'PP Chawla', 'Z Khan', 'RP Singh']",11
258475,2007-09-02,ODI,Headingley,Leeds,England,0,1,1,England,field,"['SC Ganguly', 'SR Tendulkar', 'G Gambhir', 'Yuvraj Singh', 'MS Dhoni', 'R Dravid', 'KD Karthik', 'Z Khan', 'AB Agarkar', 'RR Powar', 'PP Chawla']",11
258476,2007-09-05,ODI,Kennington Oval,London,England,0,1,1,England,bat,"['SC Ganguly', 'SR Tendulkar', 'G Gambhir', 'Yuvraj Singh', 'R Dravid', 'MS Dhoni', 'RV Uthappa', 'AB Agarkar', 'Z Khan', 'RR Powar', 'PP Chawla']",11
258477,2007-09-08,ODI,Lord's,London,England,0,1,0,India,bat,"['SC Ganguly', 'SR Tendulkar', 'G Gambhir', 'R Dravid', 'Yuvraj Singh', 'RV Uthappa', 'MS Dhoni', 'RR Powar', 'PP Chawla', 'Z Khan', 'RP Singh']",11
287862,2007-09-14,T20I,Kingsmead,Durban,Pakistan,0,1,-1,Pakistan,field,"['G Gambhir', 'V Sehwag', 'RV Uthappa', 'Yuvraj Singh', 'KD Karthik', 'MS Dhoni', 'IK Pathan', 'Harbhajan Singh', 'AB Agarkar', 'S Sreesanth', 'RP Singh']",11
287865,2007-09-16,T20I,New Wanderers Stadium,Johannesburg,New Zealand,0,1,0,India,field,"['G Gambhir', 'V Sehwag', 'RV Uthappa', 'MS Dhoni', 'Yuvraj Singh', 'KD Karthik', 'IK Pathan', 'AB Agarkar', 'Harbhajan Singh', 'S Sreesanth', 'RP Singh']",11
287873,2007-09-19,T20I,Kingsmead,Durban,England,0,1,1,India,bat,"['G Gambhir', 'V Sehwag', 'RV Uthappa', 'MS Dhoni', 'Yuvraj Singh', 'IK Pathan', 'RG Sharma', 'Harbhajan Singh', 'Joginder Sharma', 'S Sreesanth', 'RP Singh']",11
287876,2007-09-20,T20I,Kingsmead,Durban,South Africa,0,1,1,India,bat,"['G Gambhir', 'V Sehwag', 'KD Karthik', 'RV Uthappa', 'RG Sharma', 'MS Dhoni', 'IK Pathan', 'Harbhajan Singh', 'Joginder Sharma', 'S Sreesanth', 'RP Singh']",11
287878,2007-09-22,T20I,Kingsmead,Durban,Australia,0,1,1,India,bat,"['G Gambhir', 'V Sehwag', 'RV Uthappa', 'Yuvraj Singh', 'MS Dhoni', 'RG Sharma', 'IK Pathan', 'Harbhajan Singh', 'Joginder Sharma', 'S Sreesanth', 'RP Singh']",11
287879,2007-09-24,T20I,New Wanderers Stadium,Johannesburg,Pakistan,0,1,1,India,bat,"['G Gambhir', 'YK Pathan', 'RV Uthappa', 'Yuvraj Singh', 'MS Dhoni', 'RG Sharma', 'IK Pathan', 'Harbhajan Singh', 'Joginder Sharma', 'S Sreesanth', 'RP Singh']",11
297793,2007-09-29,ODI,M Chinnaswamy Stadium,Bangalore,Australia,1,0,-1,Australia,bat,"['G Gambhir', 'SR Tendulkar', 'IK Pathan', 'SC Ganguly', 'R Dravid', 'Yuvraj Singh', 'MS Dhoni', 'RR Powar', 'RP Singh', 'Z Khan', 'S Sreesanth']",11
297794,2007-10-02,ODI,Nehru Stadium,Kochi,Australia,0,0,0,India,field,"['G Gambhir', 'SR Tendulkar', 'RV Uthappa', 'Yuvraj Singh', 'R Dravid', 'MS Dhoni', 'IK Pathan', 'Harbhajan Singh', 'RR Powar', 'Z Khan', 'S Sreesanth']",11
297795,2007-10-05,ODI,"Rajiv Gandhi International Stadium, Uppal",Hyderabad,Australia,1,0,0,Australia,bat,"['G Gambhir', 'SR Tendulkar', 'RV Uthappa', 'R Dravid', 'Yuvraj Singh', 'MS Dhoni', 'RG Sharma', 'IK Pathan', 'Harbhajan Singh', 'Z Khan', 'S Sreesanth']",11
297796,2007-10-08,ODI,Sector 16 Stadium,Chandigarh,Australia,0,0,1,India,bat,"['SC Ganguly', 'SR Tendulkar', 'Yuvraj Singh', 'MS Dhoni', 'R Dravid', 'RV Uthappa', 'IK Pathan', 'M Kartik', 'Harbhajan Singh', 'Z Khan', 'RP Singh']",11
297797,2007-10-11,ODI,Reliance Stadium,Vadodara,Australia,0,0,0,India,bat,"['SC Ganguly', 'SR Tendulkar', 'R Dravid', 'Yuvraj Singh', 'RV Uthappa', 'MS Dhoni', 'IK Pathan', 'Harbhajan Singh', 'M Kartik', 'Z Khan', 'RP Singh']",11
297798,2007-10-14,ODI,Vidarbha Cricket Association Ground,Nagpur,Australia,1,0,0,Australia,bat,"['SC Ganguly', 'SR Tendulkar', 'IK Pathan', 'R Dravid', 'Yuvraj Singh', 'MS Dhoni', 'RV Uthappa', 'Harbhajan Singh', 'Z Khan', 'M Kartik', 'S Sreesanth']",11
297799,2007-10-17,ODI,Wankhede Stadium,Mumbai,Australia,1,0,1,Australia,bat,"['SC Ganguly', 'SR Tendulkar', 'KD Karthik', 'Yuvraj Singh', 'RV Uthappa', 'MS Dhoni', 'IK Pathan', 'Harbhajan Singh', 'Z Khan', 'M Kartik', 'RP Singh']",11
297800,2007-10-20,T20I,Brabourne Stadium,Mumbai,Australia,1,0,1,Australia,bat,"['G Gambhir', 'V Sehwag', 'RV Uthappa', 'Yuvraj Singh', 'MS Dhoni', 'RG Sharma', 'IK Pathan', 'M Kartik', 'Harbhajan Singh', 'RP Singh', 'S Sreesanth']",11
297801,2007-11-05,ODI,Nehru Stadium,Guwahati,Pakistan,1,0,1,Pakistan,bat,"['SC Ganguly', 'SR Tendulkar', 'G Gambhir', 'MS Dhoni', 'Yuvraj Singh', 'RV Uthappa', 'IK Pathan', 'Harbhajan Singh', 'M Kartik', 'Z Khan', 'RP Singh']",11
297802,2007-11-08,ODI,"Punjab Cricket Association Stadium, Mohali",Chandigarh,Pakistan,1,0,0,India,bat,"['SC Ganguly', 'SR Tendulkar', 'G Gambhir', 'V Sehwag', 'Yuvraj Singh', 'MS Dhoni', 'RV Uthappa', 'IK Pathan', 'Harbhajan Singh', 'Z Khan', 'RP Singh']",11
297803,2007-11-11,ODI,Green Park,Kanpur,Pakistan,1,0,1,Pakistan,field,"['SC Ganguly', 'SR Tendulkar', 'G Gambhir', 'Yuvraj Singh', 'MS Dhoni', 'RV Uthappa', 'IK Pathan', 'Harbhajan Singh', 'M Kartik', 'Z Khan', 'RP Singh']",11
297804,2007-11-15,ODI,Captain Roop Singh Stadium,Gwalior,Pakistan,0,0,1,Pakistan,bat,"['SC Ganguly', 'SR Tendulkar', 'G Gambhir', 'V Sehwag', 'Yuvraj Singh', 'MS Dhoni', 'RV Uthappa', 'IK Pathan', 'Harbhajan Singh', 'Z Khan', 'RP Singh']",11
297805,2007-11-18,ODI,Sawai Mansingh Stadium,Jaipur,Pakistan,1,0,0,India,field,"['G Gambhir', 'SR Tendulkar', 'RV Uthappa', 'V Sehwag', 'RG Sharma', 'Yuvraj Singh', 'MS Dhoni', 'IK Pathan', 'P Kumar', 'M Kartik', 'S Sreesanth']",11
297806,2007-11-22,TEST,Arun Jaitley Stadium,Delhi,Pakistan,1,0,1,Pakistan,bat,"['KD Karthik', 'W Jaffer', 'R Dravid', 'SR Tendulkar', 'SC Ganguly', 'VVS Laxman', 'MS Dhoni', 'A Kumble', 'Harbhajan Singh', 'Z Khan', 'MM Patel']",11
297807,2007-11-30,TEST,Eden Gardens,Kolkata,Pakistan,1,0,-1,India,bat,"['W Jaffer', 'KD Karthik', 'MS Dhoni', 'SC Ganguly', 'R Dravid', 'SR Tendulkar', 'VVS Laxman', 'A Kumble', 'Harbhajan Singh', 'Z Khan', 'MM Patel']",11
297808,2007-12-08,TEST,M.Chinnaswamy Stadium,Bengaluru,Pakistan,1,0,-1,India,bat,"['W Jaffer', 'G Gambhir', 'R Dravid', 'SC Ganguly', 'VVS Laxman', 'Yuvraj Singh', 'KD Karthik', 'IK Pathan', 'A Kumble', 'Harbhajan Singh', 'I Sharma']",11
291351,2007-12-26,TEST,Melbourne Cricket Ground,Unknown,Australia,0,1,0,Australia,bat,"['R Dravid', 'W Jaffer', 'VVS Laxman', 'SR Tendulkar', 'SC Ganguly', 'Yuvraj Singh', 'MS Dhoni', 'A Kumble', 'Harbhajan Singh', 'Z Khan', 'RP Singh']",11
291352,2008-01-02,TEST,Sydney Cricket Ground,Unknown,Australia,0,1,0,Australia,bat,"['W Jaffer', 'R Dravid', 'VVS Laxman', 'SR Tendulkar', 'SC Ganguly', 'Yuvraj Singh', 'MS Dhoni', 'A Kumble', 'Harbhajan Singh', 'RP Singh', 'I Sharma']",11
291353,2008-01-16,TEST,Western Australia Cricket Association Ground,Perth,Australia,0,1,1,India,bat,"['W Jaffer', 'V Sehwag', 'R Dravid', 'SR Tendulkar', 'SC Ganguly', 'VVS Laxman', 'MS Dhoni', 'IK Pathan', 'A Kumble', 'RP Singh', 'I Sharma']",11
291354,2008-01-24,TEST,Adelaide Oval,Unknown,Australia,0,1,-1,India,bat,"['V Sehwag', 'IK Pathan', 'R Dravid', 'SR Tendulkar', 'SC Ganguly', 'VVS Laxman', 'MS Dhoni', 'A Kumble', 'Harbhajan Singh', 'RP Singh', 'I Sharma']",11
291356,2008-02-01,T20I,Melbourne Cricket Ground,Unknown,Australia,0,1,0,India,bat,"['G Gambhir', 'V Sehwag', 'KD Karthik', 'RV Uthappa', 'RG Sharma', 'MS Dhoni', 'IK Pathan', 'P Kumar', 'Harbhajan Singh', 'S Sreesanth', 'I Sharma']",11
291359,2008-02-03,ODI,"Brisbane Cricket Ground, Woolloongabba",Brisbane,Australia,0,1,-1,India,bat,"['V Sehwag', 'SR Tendulkar', 'G Gambhir', 'RG Sharma', 'MK Tiwary', 'MS Dhoni', 'RV Uthappa', 'IK Pathan', 'Harbhajan Singh', 'S Sreesanth', 'I Sharma']",11
291360,2008-02-05,ODI,"Brisbane Cricket Ground, Woolloongabba",Brisbane,Sri Lanka,0,1,-1,India,bat,"['V Sehwag', 'SR Tendulkar', 'G Gambhir', 'Yuvraj Singh', 'RG Sharma', 'MS Dhoni', 'RV Uthappa', 'IK Pathan', 'Harbhajan Singh', 'S Sreesanth', 'I Sharma']",11
291362,2008-02-10,ODI,Melbourne Cricket Ground,Unknown,Australia,0,1,1,Australia,bat,"['V Sehwag', 'SR Tendulkar', 'IK Pathan', 'G Gambhir', 'Yuvraj Singh', 'RG Sharma', 'MS Dhoni', 'RV Uthappa', 'Harbhajan Singh', 'S Sreesanth', 'I Sharma']",11
291365,2008-02-17,ODI,Adelaide Oval,Unknown,Australia,0,1,0,Australia,bat,"['G Gambhir', 'SR Tendulkar', 'IK Pathan', 'RG Sharma', 'Yuvraj Singh', 'MS Dhoni', 'RV Uthappa', 'Harbhajan Singh', 'S Sreesanth', 'I Sharma', 'MM Patel']",11
291366,2008-02-19,ODI,Adelaide Oval,Unknown,Sri Lanka,0,1,1,Sri Lanka,bat,"['G Gambhir', 'SR Tendulkar', 'RV Uthappa', 'RG Sharma', 'Yuvraj Singh', 'MS Dhoni', 'IK Pathan', 'P Kumar', 'Harbhajan Singh', 'I Sharma', 'MM Patel']",11
291368,2008-02-24,ODI,Sydney Cricket Ground,Unknown,Australia,0,1,0,Australia,bat,"['V Sehwag', 'SR Tendulkar', 'G Gambhir', 'RG Sharma', 'Yuvraj Singh', 'MS Dhoni', 'RV Uthappa', 'IK Pathan', 'Harbhajan Singh', 'S Sreesanth', 'I Sharma']",11
291369,2008-02-26,ODI,Bellerive Oval,Hobart,Sri Lanka,0,1,1,India,field,"['RV Uthappa', 'SR Tendulkar', 'G Gambhir', 'Yuvraj Singh', 'RG Sharma', 'P Kumar', 'IK Pathan', 'MS Dhoni', 'Harbhajan Singh', 'I Sharma', 'MM Patel']",11
291371,2008-03-02,ODI,Sydney Cricket Ground,Unknown,Australia,0,1,1,Australia,bat,"['RV Uthappa', 'SR Tendulkar', 'G Gambhir', 'Yuvraj Singh', 'RG Sharma', 'MS Dhoni', 'P Kumar', 'IK Pathan', 'Harbhajan Singh', 'I Sharma', 'PP Chawla']",11
291372,2008-03-04,ODI,"Brisbane Cricket Ground, Woolloongabba",Brisbane,Australia,0,1,1,India,bat,"['RV Uthappa', 'SR Tendulkar', 'G Gambhir', 'Yuvraj Singh', 'MS Dhoni', 'RG Sharma', 'IK Pathan', 'Harbhajan Singh', 'P Kumar', 'PP Chawla', 'S Sreesanth']",11
332911,2008-03-26,TEST,"MA Chidambaram Stadium, Chepauk",Chennai,South Africa,1,0,-1,South Africa,bat,"['W Jaffer', 'V Sehwag', 'R Dravid', 'SR Tendulkar', 'SC Ganguly', 'VVS Laxman', 'MS Dhoni', 'A Kumble', 'Harbhajan Singh', 'RP Singh', 'S Sreesanth']",11
332912,2008-04-03,TEST,"Sardar Patel Stadium, Motera",Ahmedabad,South Africa,1,0,0,India,bat,"['W Jaffer', 'V Sehwag', 'R Dravid', 'VVS Laxman', 'SC Ganguly', 'MS Dhoni', 'IK Pathan', 'A Kumble', 'Harbhajan Singh', 'RP Singh', 'S Sreesanth']",11
332913,2008-04-11,TEST,Green Park,Kanpur,South Africa,1,0,1,South Africa,bat,"['W Jaffer', 'V Sehwag', 'R Dravid', 'VVS Laxman', 'SC Ganguly', 'Yuvraj Singh', 'MS Dhoni', 'Harbhajan Singh', 'PP Chawla', 'S Sreesanth', 'I Sharma']",11
345469,2008-06-10,ODI,Shere Bangla National Stadium,Mirpur,Pakistan,0,0,1,India,bat,"['G Gambhir', 'V Sehwag', 'Yuvraj Singh', 'YK Pathan', 'RG Sharma', 'MS Dhoni', 'SK Raina', 'IK Pathan', 'P Kumar', 'PP Chawla', 'I Sharma']",11
345470,2008-06-12,ODI,Shere Bangla National Stadium,Mirpur,Bangladesh,0,0,1,Bangladesh,bat,"['G Gambhir', 'V Sehwag', 'RG Sharma', 'Yuvraj Singh', 'SK Raina', 'YK Pathan', 'MS Dhoni', 'IK Pathan', 'PP Chawla', 'P Kumar', 'RP Singh']",11
345471,2008-06-14,ODI,Shere Bangla National Stadium,Mirpur,Pakistan,0,0,0,Pakistan,bat,"['G Gambhir', 'V Sehwag', 'RG Sharma', 'YK Pathan', 'Yuvraj Singh', 'SK Raina', 'MS Dhoni', 'IK Pathan', 'P Kumar', 'PP Chawla', 'I Sharma']",11
335349,2008-06-25,ODI,National Stadium,Karachi,Hong Kong,0,0,1,India,bat,"['G Gambhir', 'V Sehwag', 'RG Sharma', 'MS Dhoni', 'SK Raina', 'RV Uthappa', 'YK Pathan', 'PP Chawla', 'P Kumar', 'RP Singh', 'MS Gony']",11
335351,2008-06-26,ODI,National Stadium,Karachi,Pakistan,0,0,1,Pakistan,bat,"['G Gambhir', 'V Sehwag', 'SK Raina', 'Yuvraj Singh', 'MS Dhoni', 'RG Sharma', 'YK Pathan', 'PP Chawla', 'P Kumar', 'RP Singh', 'I Sharma']",11
335352,2008-06-28,ODI,National Stadium,Karachi,Bangladesh,0,0,1,Bangladesh,bat,"['G Gambhir', 'RV Uthappa', 'RG Sharma', 'SK Raina', 'Yuvraj Singh', 'YK Pathan', 'MS Dhoni', 'RP Singh', 'I Sharma', 'PP Ojha', 'MS Gony']",11
335355,2008-07-02,ODI,National Stadium,Karachi,Pakistan,0,0,0,India,bat,"['G Gambhir', 'V Sehwag', 'SK Raina', 'Yuvraj Singh', 'MS Dhoni', 'RG Sharma', 'YK Pathan', 'IK Pathan', 'P Kumar', 'PP Chawla', 'I Sharma']",11
335356,2008-07-03,ODI,National Stadium,Karachi,Sri Lanka,0,0,1,Sri Lanka,bat,"['G Gambhir', 'V Sehwag', 'SK Raina', 'MS Dhoni', 'Yuvraj Singh', 'RG Sharma', 'IK Pathan', 'P Kumar', 'PP Ojha', 'RP Singh', 'I Sharma']",11
335358,2008-07-06,ODI,National Stadium,Karachi,Sri Lanka,0,0,0,India,field,"['G Gambhir', 'V Sehwag', 'SK Raina', 'Yuvraj Singh', 'MS Dhoni', 'RG Sharma', 'RV Uthappa', 'IK Pathan', 'RP Singh', 'PP Ojha', 'I Sharma']",11
343729,2008-07-23,TEST,Sinhalese Sports Club Ground,Colombo,Sri Lanka,0,0,0,Sri Lanka,bat,"['G Gambhir', 'V Sehwag', 'R Dravid', 'SR Tendulkar', 'SC Ganguly', 'VVS Laxman', 'KD Karthik', 'A Kumble', 'Harbhajan Singh', 'Z Khan', 'I Sharma']",11
343730,2008-07-31,TEST,Galle International Stadium,Unknown,Sri Lanka,0,0,1,India,bat,"['G Gambhir', 'V Sehwag', 'R Dravid', 'SR Tendulkar', 'SC Ganguly', 'VVS Laxman', 'KD Karthik', 'A Kumble', 'Harbhajan Singh', 'Z Khan', 'I Sharma']",11
343731,2008-08-08,TEST,P Saravanamuttu Stadium,Colombo,Sri Lanka,0,0,0,India,bat,"['G Gambhir', 'V Sehwag', 'R Dravid', 'SR Tendulkar', 'SC Ganguly', 'VVS Laxman', 'PA Patel', 'A Kumble', 'Harbhajan Singh', 'I Sharma', 'Z Khan']",11
343732,2008-08-18,ODI,Rangiri Dambulla International Stadium,Unknown,Sri Lanka,0,0,0,India,bat,"['G Gambhir', 'V Kohli', 'SK Raina', 'Yuvraj Singh', 'RG Sharma', 'MS Dhoni', 'IK Pathan', 'Harbhajan Singh', 'Z Khan', 'PP Ojha', 'MM Patel']",11
343733,2008-08-20,ODI,Rangiri Dambulla International Stadium,Unknown,Sri Lanka,0,0,1,India,field,"['IK Pathan', 'V Kohli', 'SK Raina', 'Yuvraj Singh', 'MS Dhoni', 'RG Sharma', 'S Badrinath', 'Harbhajan Singh', 'Z Khan', 'P Kumar', 'MM Patel']",11
343734,2008-08-24,ODI,R Premadasa Stadium,Colombo,Sri Lanka,0,0,1,India,bat,"['V Kohli', 'G Gambhir', 'Yuvraj Singh', 'SK Raina', 'S Badrinath', 'MS Dhoni', 'RG Sharma', 'Harbhajan Singh', 'P Kumar', 'Z Khan', 'MM Patel']",11
366341,2008-08-27,ODI,R Premadasa Stadium,Colombo,Sri Lanka,0,0,1,India,bat,"['V Kohli', 'G Gambhir', 'Yuvraj Singh', 'SK Raina', 'MS Dhoni', 'RG Sharma', 'S Badrinath', 'Harbhajan Singh', 'P Kumar', 'Z Khan', 'MM Patel']",11
343736,2008-08-29,ODI,R Premadasa Stadium,Colombo,Sri Lanka,0,0,0,Sri Lanka,bat,"['V Kohli', 'G Gambhir', 'Yuvraj Singh', 'SK Raina', 'RG Sharma', 'MS Dhoni', 'IK Pathan', 'Z Khan', 'RP Singh', 'PP Ojha', 'MM Patel']",11
345669,2008-10-09,TEST,M Chinnaswamy Stadium,Bangalore,Australia,1,0,-1,Australia,bat,"['G Gambhir', 'V Sehwag', 'R Dravid', 'SR Tendulkar', 'VVS Laxman', 'SC Ganguly', 'MS Dhoni', 'Harbhajan Singh', 'Z Khan', 'A Kumble', 'I Sharma']",11
345670,2008-10-17,TEST,"Punjab Cricket Association Stadium, Mohali",Chandigarh,Australia,1,0,1,India,bat,"['G Gambhir', 'V Sehwag', 'R Dravid', 'SR Tendulkar', 'VVS Laxman', 'SC Ganguly', 'I Sharma', 'MS Dhoni', 'Harbhajan Singh', 'Z Khan', 'A Mishra']",11
345671,2008-10-29,TEST,Feroz Shah Kotla,Delhi,Australia,1,0,-1,India,bat,"['G Gambhir', 'V Sehwag', 'R Dravid', 'SR Tendulkar', 'VVS Laxman', 'SC Ganguly', 'MS Dhoni', 'A Kumble', 'Z Khan', 'I Sharma', 'A Mishra']",11
345672,2008-11-06,TEST,"Vidarbha Cricket Association Stadium, Jamtha",Nagpur,Australia,1,0,1,India,bat,"['V Sehwag', 'M Vijay', 'R Dravid', 'SR Tendulkar', 'VVS Laxman', 'SC Ganguly', 'MS Dhoni', 'Harbhajan Singh', 'Z Khan', 'A Mishra', 'I Sharma']",11
361043,2008-11-14,ODI,Madhavrao Scindia Cricket Ground,Rajkot,England,1,0,1,England,field,"['G Gambhir', 'V Sehwag', 'SK Raina', 'Yuvraj Singh', 'YK Pathan', 'MS Dhoni', 'RG Sharma', 'Harbhajan Singh', 'Z Khan', 'RP Singh', 'MM Patel']",11
361044,2008-11-17,ODI,Maharani Usharaje Trust Cricket Ground,Indore,England,1,0,1,India,bat,"['G Gambhir', 'V Sehwag', 'SK Raina', 'RG Sharma', 'Yuvraj Singh', 'MS Dhoni', 'YK Pathan', 'Harbhajan Singh', 'Z Khan', 'RP Singh', 'MM Patel']",11
361045,2008-11-20,ODI,Green Park,Kanpur,England,1,0,1,England,bat,"['G Gambhir', 'V Sehwag', 'SK Raina', 'RG Sharma', 'Yuvraj Singh', 'MS Dhoni', 'YK Pathan', 'Harbhajan Singh', 'Z Khan', 'I Sharma', 'MM Patel']",11
361046,2008-11-23,ODI,M Chinnaswamy Stadium,Bangalore,England,1,0,1,England,field,"['V Sehwag', 'SR Tendulkar', 'G Gambhir', 'Yuvraj Singh', 'MS Dhoni', 'YK Pathan', 'SK Raina', 'Harbhajan Singh', 'Z Khan', 'I Sharma', 'MM Patel']",11
361047,2008-11-26,ODI,Barabati Stadium,Cuttack,England,1,0,1,India,field,"['V Sehwag', 'SR Tendulkar', 'Yuvraj Singh', 'MS Dhoni', 'SK Raina', 'RG Sharma', 'YK Pathan', 'IK Pathan', 'Harbhajan Singh', 'Z Khan', 'I Sharma']",11
361050,2008-12-11,TEST,"MA Chidambaram Stadium, Chepauk",Chennai,England,1,0,1,England,bat,"['G Gambhir', 'V Sehwag', 'R Dravid', 'SR Tendulkar', 'VVS Laxman', 'Yuvraj Singh', 'MS Dhoni', 'Harbhajan Singh', 'Z Khan', 'A Mishra', 'I Sharma']",11
361051,2008-12-19,TEST,"Punjab Cricket Association Stadium, Mohali",Chandigarh,England,1,0,-1,India,bat,"['G Gambhir', 'V Sehwag', 'R Dravid', 'SR Tendulkar', 'VVS Laxman', 'Yuvraj Singh', 'MS Dhoni', 'Harbhajan Singh', 'Z Khan', 'A Mishra', 'I Sharma']",11
386530,2009-01-28,ODI,Rangiri Dambulla International Stadium,Unknown,Sri Lanka,0,0,1,India,field,"['G Gambhir', 'SR Tendulkar', 'SK Raina', 'Yuvraj Singh', 'MS Dhoni', 'RG Sharma', 'YK Pathan', 'Z Khan', 'PP Ojha', 'I Sharma', 'MM Patel']",11
386531,2009-01-31,ODI,R Premadasa Stadium,Colombo,Sri Lanka,0,0,1,India,bat,"['V Sehwag', 'SR Tendulkar', 'G Gambhir', 'Yuvraj Singh', 'SK Raina', 'MS Dhoni', 'YK Pathan', 'Z Khan', 'P Kumar', 'PP Ojha', 'I Sharma']",11
386532,2009-02-03,ODI,R Premadasa Stadium,Colombo,Sri Lanka,0,0,1,India,bat,"['V Sehwag', 'SR Tendulkar', 'G Gambhir', 'Yuvraj Singh', 'MS Dhoni', 'SK Raina', 'YK Pathan', 'P Kumar', 'Z Khan', 'PP Ojha', 'I Sharma']",11
386533,2009-02-05,ODI,R Premadasa Stadium,Colombo,Sri Lanka,0,0,1,India,bat,"['V Sehwag', 'G Gambhir', 'MS Dhoni', 'Yuvraj Singh', 'YK Pathan', 'SK Raina', 'RG Sharma', 'IK Pathan', 'P Kumar', 'PP Ojha', 'I Sharma']",11
386534,2009-02-08,ODI,R Premadasa Stadium,Colombo,Sri Lanka,0,0,0,Sri Lanka,bat,"['G Gambhir', 'V Sehwag', 'SK Raina', 'Yuvraj Singh', 'RG Sharma', 'MS Dhoni', 'YK Pathan', 'RA Jadeja', 'IK Pathan', 'L Balaji', 'I Sharma']",11
386535,2009-02-10,T20I,R Premadasa Stadium,Colombo,Sri Lanka,0,0,1,Sri Lanka,bat,"['G Gambhir', 'V Sehwag', 'SK Raina', 'Yuvraj Singh', 'MS Dhoni', 'RG Sharma', 'RA Jadeja', 'YK Pathan', 'IK Pathan', 'I Sharma', 'Z Khan']",11
386494,2009-02-25,T20I,AMI Stadium,Christchurch,New Zealand,0,1,0,New Zealand,field,"['G Gambhir', 'V Sehwag', 'SK Raina', 'RG Sharma', 'Yuvraj Singh', 'MS Dhoni', 'YK Pathan', 'IK Pathan', 'Harbhajan Singh', 'Z Khan', 'I Sharma']",11
366622,2009-02-27,T20I,Westpac Stadium,Wellington,New Zealand,0,1,0,New Zealand,field,"['G Gambhir', 'V Sehwag', 'SK Raina', 'Yuvraj Singh', 'MS Dhoni', 'YK Pathan', 'RA Jadeja', 'IK Pathan', 'Harbhajan Singh', 'Z Khan', 'I Sharma']",11
366623,2009-03-03,ODI,McLean Park,Napier,New Zealand,0,0,1,India,bat,"['V Sehwag', 'SR Tendulkar', 'MS Dhoni', 'Yuvraj Singh', 'SK Raina', 'YK Pathan', 'G Gambhir', 'P Kumar', 'Harbhajan Singh', 'Z Khan', 'MM Patel']",11
366626,2009-03-06,ODI,Westpac Stadium,Wellington,New Zealand,0,1,-1,India,bat,"['V Sehwag', 'SR Tendulkar', 'G Gambhir', 'Yuvraj Singh', 'MS Dhoni', 'SK Raina', 'YK Pathan', 'P Kumar', 'Harbhajan Singh', 'Z Khan', 'MM Patel']",11
366627,2009-03-08,ODI,AMI Stadium,Christchurch,New Zealand,0,1,1,New Zealand,field,"['V Sehwag', 'SR Tendulkar', 'G Gambhir', 'Yuvraj Singh', 'MS Dhoni', 'SK Raina', 'YK Pathan', 'P Kumar', 'Harbhajan Singh', 'Z Khan', 'MM Patel']",11
366624,2009-03-11,ODI,Seddon Park,Hamilton,New Zealand,0,1,1,New Zealand,bat,"['G Gambhir', 'V Sehwag', 'SK Raina', 'Yuvraj Singh', 'MS Dhoni', 'RG Sharma', 'YK Pathan', 'P Kumar', 'Harbhajan Singh', 'Z Khan', 'I Sharma']",11
366625,2009-03-14,ODI,Eden Park,Auckland,New Zealand,0,1,0,India,bat,"['G Gambhir', 'V Sehwag', 'SK Raina', 'RG Sharma', 'Yuvraj Singh', 'MS Dhoni', 'YK Pathan', 'Harbhajan Singh', 'Z Khan', 'P Kumar', 'I Sharma']",11
366628,2009-03-18,TEST,Seddon Park,Hamilton,New Zealand,0,1,1,India,field,"['G Gambhir', 'V Sehwag', 'R Dravid', 'SR Tendulkar', 'VVS Laxman', 'Yuvraj Singh', 'MS Dhoni', 'Harbhajan Singh', 'Z Khan', 'I Sharma', 'MM Patel']",11
386496,2009-03-26,TEST,McLean Park,Napier,New Zealand,0,0,-1,New Zealand,bat,"['G Gambhir', 'V Sehwag', 'R Dravid', 'I Sharma', 'SR Tendulkar', 'VVS Laxman', 'Yuvraj Singh', 'KD Karthik', 'Harbhajan Singh', 'Z Khan', 'MM Patel']",11
366629,2009-04-03,TEST,Basin Reserve,Wellington,New Zealand,0,1,-1,New Zealand,field,"['G Gambhir', 'V Sehwag', 'R Dravid', 'SR Tendulkar', 'VVS Laxman', 'Yuvraj Singh', 'MS Dhoni', 'Harbhajan Singh', 'Z Khan', 'I Sharma', 'MM Patel']",11
355994,2009-06-06,T20I,Trent Bridge,Nottingham,Bangladesh,0,1,1,India,bat,"['G Gambhir', 'RG Sharma', 'MS Dhoni', 'Yuvraj Singh', 'SK Raina', 'YK Pathan', 'IK Pathan', 'Harbhajan Singh', 'Z Khan', 'I Sharma', 'PP Ojha']",11
356001,2009-06-10,T20I,Trent Bridge,Nottingham,Ireland,0,1,1,India,field,"['G Gambhir', 'RG Sharma', 'MS Dhoni', 'Yuvraj Singh', 'SK Raina', 'YK Pathan', 'IK Pathan', 'Harbhajan Singh', 'Z Khan', 'I Sharma', 'PP Ojha']",11
356006,2009-06-12,T20I,Lord's,London,West Indies,0,1,0,India,bat,"['G Gambhir', 'RG Sharma', 'SK Raina', 'Yuvraj Singh', 'MS Dhoni', 'YK Pathan', 'IK Pathan', 'Harbhajan Singh', 'Z Khan', 'I Sharma', 'PP Ojha']",11
356010,2009-06-14,T20I,Lord's,London,England,0,1,0,India,field,"['G Gambhir', 'RG Sharma', 'SK Raina', 'RA Jadeja', 'Yuvraj Singh', 'MS Dhoni', 'YK Pathan', 'Harbhajan Singh', 'Z Khan', 'RP Singh', 'I Sharma']",11
356014,2009-06-16,T20I,Trent Bridge,Nottingham,South Africa,0,1,0,South Africa,bat,"['G Gambhir', 'RG Sharma', 'SK Raina', 'Yuvraj Singh', 'MS Dhoni', 'YK Pathan', 'Harbhajan Singh', 'RA Jadeja', 'Z Khan', 'RP Singh', 'I Sharma']",11
377313,2009-06-26,ODI,"Sabina Park, Kingston",Jamaica,West Indies,0,0,1,India,bat,"['KD Karthik', 'G Gambhir', 'RG Sharma', 'Yuvraj Singh', 'MS Dhoni', 'RA Jadeja', 'YK Pathan', 'Harbhajan Singh', 'I Sharma', 'RP Singh', 'A Nehra']",11
377314,2009-06-28,ODI,"Sabina Park, Kingston",Jamaica,West Indies,0,0,0,India,bat,"['KD Karthik', 'G Gambhir', 'RG Sharma', 'Yuvraj Singh', 'MS Dhoni', 'YK Pathan', 'RA Jadeja', 'Harbhajan Singh', 'P Kumar', 'RP Singh', 'A Nehra']",11
377315,2009-07-03,ODI,"Beausejour Stadium, Gros Islet",St Lucia,West Indies,0,0,1,India,field,"['KD Karthik', 'G Gambhir', 'MS Dhoni', 'Yuvraj Singh', 'RG Sharma', 'YK Pathan', 'AM Nayar', 'Harbhajan Singh', 'RP Singh', 'A Nehra', 'I Sharma']",11
377316,2009-07-05,ODI,"Beausejour Stadium, Gros Islet",St Lucia,West Indies,0,0,-1,India,field,"['G Gambhir', 'KD Karthik', 'MS Dhoni', 'Yuvraj Singh', 'RG Sharma', 'AM Nayar', 'YK Pathan', 'Harbhajan Singh', 'RP Singh', 'A Nehra', 'I Sharma']",11
403382,2009-09-11,ODI,R Premadasa Stadium,Colombo,New Zealand,0,0,1,New Zealand,bat,"['KD Karthik', 'SR Tendulkar', 'R Dravid', 'Yuvraj Singh', 'MS Dhoni', 'SK Raina', 'YK Pathan', 'Harbhajan Singh', 'RP Singh', 'A Nehra', 'I Sharma']",11
403381,2009-09-12,ODI,R Premadasa Stadium,Colombo,Sri Lanka,0,0,0,Sri Lanka,bat,"['KD Karthik', 'SR Tendulkar', 'R Dravid', 'Yuvraj Singh', 'SK Raina', 'MS Dhoni', 'YK Pathan', 'Harbhajan Singh', 'RP Singh', 'A Nehra', 'I Sharma']",11
403383,2009-09-14,ODI,R Premadasa Stadium,Colombo,Sri Lanka,0,0,1,India,bat,"['R Dravid', 'SR Tendulkar', 'MS Dhoni', 'Yuvraj Singh', 'YK Pathan', 'SK Raina', 'V Kohli', 'Harbhajan Singh', 'RP Singh', 'A Nehra', 'I Sharma']",11
415278,2009-09-26,ODI,SuperSport Park,Centurion,Pakistan,0,1,0,Pakistan,bat,"['G Gambhir', 'SR Tendulkar', 'R Dravid', 'V Kohli', 'MS Dhoni', 'SK Raina', 'YK Pathan', 'Harbhajan Singh', 'RP Singh', 'I Sharma', 'A Nehra']",11
415281,2009-09-28,ODI,SuperSport Park,Centurion,Australia,0,1,-1,Australia,bat,"['G Gambhir', 'SR Tendulkar', 'R Dravid', 'SK Raina', 'MS Dhoni', 'V Kohli', 'A Mishra', 'Harbhajan Singh', 'A Nehra', 'I Sharma', 'P Kumar']",11
415284,2009-09-30,ODI,New Wanderers Stadium,Johannesburg,West Indies,0,1,1,India,field,"['KD Karthik', 'G Gambhir', 'R Dravid', 'V Kohli', 'AM Nayar', 'SK Raina', 'MS Dhoni', 'A Mishra', 'Harbhajan Singh', 'A Nehra', 'P Kumar']",11
416236,2009-10-25,ODI,Reliance Stadium,Vadodara,Australia,0,0,0,Australia,bat,"['V Sehwag', 'SR Tendulkar', 'G Gambhir', 'V Kohli', 'MS Dhoni', 'SK Raina', 'RA Jadeja', 'Harbhajan Singh', 'P Kumar', 'A Nehra', 'I Sharma']",11
416237,2009-10-28,ODI,"Vidarbha Cricket Association Stadium, Jamtha",Nagpur,Australia,1,0,1,Australia,field,"['V Sehwag', 'SR Tendulkar', 'G Gambhir', 'Yuvraj Singh', 'MS Dhoni', 'SK Raina', 'Harbhajan Singh', 'P Kumar', 'RA Jadeja', 'A Nehra', 'I Sharma']",11
416238,2009-10-31,ODI,Feroz Shah Kotla,Delhi,Australia,1,0,1,Australia,bat,"['V Sehwag', 'SR Tendulkar', 'G Gambhir', 'Yuvraj Singh', 'MS Dhoni', 'SK Raina', 'RA Jadeja', 'Harbhajan Singh', 'A Nehra', 'P Kumar', 'I Sharma']",11
416239,2009-11-02,ODI,"Punjab Cricket Association Stadium, Mohali",Chandigarh,Australia,1,0,0,India,field,"['V Sehwag', 'SR Tendulkar', 'V Kohli', 'Yuvraj Singh', 'MS Dhoni', 'SK Raina', 'RA Jadeja', 'Harbhajan Singh', 'P Kumar', 'A Nehra', 'I Sharma']",11
416240,2009-11-05,ODI,"Rajiv Gandhi International Stadium, Uppal",Hyderabad,Australia,1,0,0,Australia,bat,"['V Sehwag', 'SR Tendulkar', 'G Gambhir', 'Yuvraj Singh', 'MS Dhoni', 'SK Raina', 'Harbhajan Singh', 'RA Jadeja', 'P Kumar', 'A Nehra', 'MM Patel']",11
416241,2009-11-08,ODI,Nehru Stadium,Guwahati,Australia,1,0,0,India,bat,"['V Sehwag', 'SR Tendulkar', 'G Gambhir', 'Yuvraj Singh', 'MS Dhoni', 'SK Raina', 'RA Jadeja', 'Harbhajan Singh', 'P Kumar', 'A Nehra', 'MM Patel']",11
430881,2009-11-16,TEST,"Sardar Patel Stadium, Motera",Ahmedabad,Sri Lanka,1,0,-1,India,bat,"['G Gambhir', 'V Sehwag', 'R Dravid', 'SR Tendulkar', 'VVS Laxman', 'Yuvraj Singh', 'MS Dhoni', 'Harbhajan Singh', 'Z Khan', 'A Mishra', 'I Sharma']",11
430882,2009-11-24,TEST,Green Park,Kanpur,Sri Lanka,1,0,1,India,bat,"['G Gambhir', 'V Sehwag', 'R Dravid', 'SR Tendulkar', 'VVS Laxman', 'Yuvraj Singh', 'MS Dhoni', 'Harbhajan Singh', 'Z Khan', 'S Sreesanth', 'PP Ojha']",11
430883,2009-12-02,TEST,Brabourne Stadium,Mumbai,Sri Lanka,1,0,1,Sri Lanka,bat,"['M Vijay', 'V Sehwag', 'R Dravid', 'SR Tendulkar', 'VVS Laxman', 'Yuvraj Singh', 'MS Dhoni', 'Harbhajan Singh', 'Z Khan', 'S Sreesanth', 'PP Ojha']",11
430884,2009-12-09,T20I,"Vidarbha Cricket Association Stadium, Jamtha",Nagpur,Sri Lanka,1,0,0,India,field,"['G Gambhir', 'V Sehwag', 'MS Dhoni', 'Yuvraj Singh', 'RG Sharma', 'SK Raina', 'YK Pathan', 'AB Dinda', 'A Nehra', 'PP Ojha', 'I Sharma']",11
430885,2009-12-12,T20I,"Punjab Cricket Association Stadium, Mohali",Chandigarh,Sri Lanka,1,0,1,Sri Lanka,bat,"['G Gambhir', 'V Sehwag', 'MS Dhoni', 'Yuvraj Singh', 'SK Raina', 'KD Karthik', 'YK Pathan', 'RA Jadeja', 'A Nehra', 'I Sharma', 'S Tyagi']",11
430886,2009-12-15,ODI,Madhavrao Scindia Cricket Ground,Rajkot,Sri Lanka,1,0,1,Sri Lanka,field,"['V Sehwag', 'SR Tendulkar', 'MS Dhoni', 'SK Raina', 'G Gambhir', 'Harbhajan Singh', 'V Kohli', 'RA Jadeja', 'P Kumar', 'Z Khan', 'A Nehra']",11
430887,2009-12-18,ODI,"Vidarbha Cricket Association Stadium, Jamtha",Nagpur,Sri Lanka,1,0,0,India,bat,"['V Sehwag', 'SR Tendulkar', 'G Gambhir', 'V Kohli', 'MS Dhoni', 'SK Raina', 'RA Jadeja', 'Harbhajan Singh', 'P Kumar', 'Z Khan', 'A Nehra']",11
430888,2009-12-21,ODI,Barabati Stadium,Cuttack,Sri Lanka,1,0,1,Sri Lanka,bat,"['V Sehwag', 'SR Tendulkar', 'G Gambhir', 'Yuvraj Singh', 'KD Karthik', 'SK Raina', 'RA Jadeja', 'Harbhajan Singh', 'Z Khan', 'A Nehra', 'I Sharma']",11
430889,2009-12-24,ODI,Eden Gardens,Kolkata,Sri Lanka,1,0,1,Sri Lanka,bat,"['V Sehwag', 'SR Tendulkar', 'G Gambhir', 'V Kohli', 'KD Karthik', 'SK Raina', 'RA Jadeja', 'Harbhajan Singh', 'Z Khan', 'A Nehra', 'I Sharma']",11
430890,2009-12-27,ODI,Feroz Shah Kotla,Delhi,Sri Lanka,1,0,-1,India,field,"['V Sehwag', 'G Gambhir', 'KD Karthik', 'V Kohli', 'MS Dhoni', 'SK Raina', 'RA Jadeja', 'Harbhajan Singh', 'Z Khan', 'A Nehra', 'S Tyagi']",11
434259,2010-01-05,ODI,Shere Bangla National Stadium,Mirpur,Sri Lanka,0,0,0,Sri Lanka,field,"['G Gambhir', 'V Sehwag', 'V Kohli', 'Yuvraj Singh', 'MS Dhoni', 'SK Raina', 'RA Jadeja', 'Harbhajan Singh', 'Z Khan', 'A Nehra', 'S Sreesanth']",11
434260,2010-01-07,ODI,Shere Bangla National Stadium,Mirpur,Bangladesh,0,0,1,Bangladesh,bat,"['G Gambhir', 'V Sehwag', 'V Kohli', 'Yuvraj Singh', 'MS Dhoni', 'SK Raina', 'RA Jadeja', 'Harbhajan Singh', 'Z Khan', 'A Nehra', 'S Sreesanth']",11
434262,2010-01-10,ODI,Shere Bangla National Stadium,Mirpur,Sri Lanka,0,0,1,Sri Lanka,bat,"['KD Karthik', 'G Gambhir', 'V Kohli', 'Yuvraj Singh', 'MS Dhoni', 'SK Raina', 'A Mishra', 'RA Jadeja', 'Z Khan', 'S Sreesanth', 'S Tyagi']",11
434263,2010-01-11,ODI,Shere Bangla National Stadium,Mirpur,Bangladesh,0,0,1,India,field,"['KD Karthik', 'G Gambhir', 'V Kohli', 'Yuvraj Singh', 'MS Dhoni', 'SK Raina', 'A Mishra', 'RA Jadeja', 'S Sreesanth', 'S Tyagi', 'A Nehra']",11
434264,2010-01-13,ODI,Shere Bangla National Stadium,Mirpur,Sri Lanka,0,0,0,Sri Lanka,field,"['V Sehwag', 'G Gambhir', 'V Kohli', 'Yuvraj Singh', 'MS Dhoni', 'SK Raina', 'RA Jadeja', 'Harbhajan Singh', 'Z Khan', 'A Nehra', 'S Sreesanth']",11
434256,2010-01-17,TEST,Zahur Ahmed Chowdhury Stadium,Chittagong,Bangladesh,0,0,1,Bangladesh,field,"['G Gambhir', 'V Sehwag', 'R Dravid', 'SR Tendulkar', 'VVS Laxman', 'Yuvraj Singh', 'KD Karthik', 'A Mishra', 'Z Khan', 'I Sharma', 'S Sreesanth']",11
434257,2010-01-24,TEST,Shere Bangla National Stadium,Mirpur,Bangladesh,0,0,1,Bangladesh,bat,"['G Gambhir', 'V Sehwag', 'R Dravid', 'SR Tendulkar', 'M Vijay', 'MS Dhoni', 'Harbhajan Singh', 'Z Khan', 'I Sharma', 'PP Ojha', 'Yuvraj Singh']",11
441825,2010-02-06,TEST,"Vidarbha Cricket Association Stadium, Jamtha",Nagpur,South Africa,1,0,0,South Africa,bat,"['G Gambhir', 'V Sehwag', 'M Vijay', 'SR Tendulkar', 'S Badrinath', 'MS Dhoni', 'WP Saha', 'Harbhajan Singh', 'Z Khan', 'A Mishra', 'I Sharma']",11
441826,2010-02-14,TEST,Eden Gardens,Kolkata,South Africa,1,0,1,South Africa,bat,"['G Gambhir', 'V Sehwag', 'M Vijay', 'SR Tendulkar', 'VVS Laxman', 'S Badrinath', 'A Mishra', 'MS Dhoni', 'Harbhajan Singh', 'Z Khan', 'I Sharma']",11
441827,2010-02-21,ODI,Sawai Mansingh Stadium,Jaipur,South Africa,1,0,1,South Africa,field,"['V Sehwag', 'SR Tendulkar', 'KD Karthik', 'MS Dhoni', 'V Kohli', 'SK Raina', 'YK Pathan', 'RA Jadeja', 'P Kumar', 'A Nehra', 'S Sreesanth']",11
441828,2010-02-24,ODI,Captain Roop Singh Stadium,Gwalior,South Africa,0,0,1,India,bat,"['V Sehwag', 'SR Tendulkar', 'KD Karthik', 'YK Pathan', 'MS Dhoni', 'V Kohli', 'SK Raina', 'RA Jadeja', 'P Kumar', 'A Nehra', 'S Sreesanth']",11
441829,2010-02-27,ODI,"Sardar Patel Stadium, Motera",Ahmedabad,South Africa,1,0,0,South Africa,bat,"['KD Karthik', 'M Vijay', 'V Kohli', 'RG Sharma', 'MS Dhoni', 'SK Raina', 'YK Pathan', 'RA Jadeja', 'S Sreesanth', 'A Mithun', 'S Tyagi']",11
412682,2010-05-02,T20I,"Beausejour Stadium, Gros Islet",St Lucia,South Africa,0,0,1,South Africa,field,"['KD Karthik', 'M Vijay', 'SK Raina', 'Yuvraj Singh', 'YK Pathan', 'MS Dhoni', 'Harbhajan Singh', 'RA Jadeja', 'PP Chawla', 'P Kumar', 'A Nehra']",11
412691,2010-05-07,T20I,"Kensington Oval, Bridgetown",Barbados,Australia,0,1,0,India,field,"['M Vijay', 'G Gambhir', 'SK Raina', 'RG Sharma', 'Yuvraj Singh', 'MS Dhoni', 'YK Pathan', 'RA Jadeja', 'Harbhajan Singh', 'Z Khan', 'A Nehra']",11
412695,2010-05-09,T20I,"Kensington Oval, Bridgetown",Barbados,West Indies,0,1,0,India,field,"['M Vijay', 'G Gambhir', 'SK Raina', 'RG Sharma', 'Yuvraj Singh', 'MS Dhoni', 'YK Pathan', 'Harbhajan Singh', 'RA Jadeja', 'A Nehra', 'Z Khan']",11
412699,2010-05-11,T20I,"Beausejour Stadium, Gros Islet",St Lucia,Sri Lanka,0,0,0,India,bat,"['KD Karthik', 'G Gambhir', 'SK Raina', 'MS Dhoni', 'Yuvraj Singh', 'YK Pathan', 'RG Sharma', 'PP Chawla', 'Harbhajan Singh', 'R Vinay Kumar', 'A Nehra']",11
452146,2010-05-28,ODI,Queens Sports Club,Bulawayo,Zimbabwe,0,0,0,India,bat,"['KD Karthik', 'M Vijay', 'V Kohli', 'RG Sharma', 'SK Raina', 'RA Jadeja', 'YK Pathan', 'A Mishra', 'AB Dinda', 'R Vinay Kumar', 'UT Yadav']",11
452147,2010-05-30,ODI,Queens Sports Club,Bulawayo,Sri Lanka,0,0,1,India,field,"['KD Karthik', 'M Vijay', 'V Kohli', 'RG Sharma', 'SK Raina', 'YK Pathan', 'RA Jadeja', 'A Mishra', 'AB Dinda', 'PP Ojha', 'UT Yadav']",11
452149,2010-06-03,ODI,Harare Sports Club,Unknown,Zimbabwe,0,0,0,Zimbabwe,field,"['KD Karthik', 'M Vijay', 'V Kohli', 'RG Sharma', 'SK Raina', 'RA Jadeja', 'YK Pathan', 'A Mishra', 'AB Dinda', 'PP Ojha', 'UT Yadav']",11
452150,2010-06-05,ODI,Harare Sports Club,Unknown,Sri Lanka,0,0,0,Sri Lanka,field,"['KD Karthik', 'NV Ojha', 'V Kohli', 'YK Pathan', 'RG Sharma', 'SK Raina', 'RA Jadeja', 'R Ashwin', 'Pankaj Singh', 'AB Dinda', 'PP Ojha']",11
452153,2010-06-12,T20I,Harare Sports Club,Unknown,Zimbabwe,0,0,1,India,field,"['M Vijay', 'NV Ojha', 'SK Raina', 'RG Sharma', 'V Kohli', 'YK Pathan', 'R Ashwin', 'AB Dinda', 'PP Chawla', 'PP Ojha', 'R Vinay Kumar']",11
452154,2010-06-13,T20I,Harare Sports Club,Unknown,Zimbabwe,0,0,1,India,field,"['NV Ojha', 'M Vijay', 'SK Raina', 'YK Pathan', 'RG Sharma', 'V Kohli', 'R Ashwin', 'AB Dinda', 'A Mishra', 'PP Ojha', 'R Vinay Kumar']",11
455232,2010-06-16,ODI,Rangiri Dambulla International Stadium,Unknown,Bangladesh,0,0,1,Bangladesh,bat,"['G Gambhir', 'V Sehwag', 'V Kohli', 'RG Sharma', 'MS Dhoni', 'SK Raina', 'RA Jadeja', 'Harbhajan Singh', 'P Kumar', 'Z Khan', 'A Nehra']",11
455234,2010-06-19,ODI,Rangiri Dambulla International Stadium,Unknown,Pakistan,0,0,1,Pakistan,bat,"['G Gambhir', 'V Sehwag', 'V Kohli', 'MS Dhoni', 'RG Sharma', 'SK Raina', 'RA Jadeja', 'Harbhajan Singh', 'P Kumar', 'Z Khan', 'A Nehra']",11
455236,2010-06-22,ODI,Rangiri Dambulla International Stadium,Unknown,Sri Lanka,0,0,0,Sri Lanka,field,"['G Gambhir', 'KD Karthik', 'V Kohli', 'RG Sharma', 'SK Raina', 'MS Dhoni', 'RA Jadeja', 'P Kumar', 'Z Khan', 'AB Dinda', 'PP Ojha']",11
455237,2010-06-24,ODI,Rangiri Dambulla International Stadium,Unknown,Sri Lanka,0,0,1,India,bat,"['G Gambhir', 'KD Karthik', 'V Kohli', 'MS Dhoni', 'RG Sharma', 'SK Raina', 'RA Jadeja', 'Harbhajan Singh', 'P Kumar', 'Z Khan', 'A Nehra']",11
456669,2010-07-18,TEST,Galle International Stadium,Unknown,Sri Lanka,0,0,0,Sri Lanka,bat,"['G Gambhir', 'V Sehwag', 'R Dravid', 'SR Tendulkar', 'VVS Laxman', 'Yuvraj Singh', 'MS Dhoni', 'Harbhajan Singh', 'I Sharma', 'PP Ojha', 'A Mithun']",11
456670,2010-07-26,TEST,Sinhalese Sports Club Ground,Colombo,Sri Lanka,0,0,-1,Sri Lanka,bat,"['M Vijay', 'V Sehwag', 'R Dravid', 'SR Tendulkar', 'VVS Laxman', 'SK Raina', 'MS Dhoni', 'Harbhajan Singh', 'A Mithun', 'I Sharma', 'PP Ojha']",11
456671,2010-08-03,TEST,P Sara Oval,Colombo,Sri Lanka,0,1,1,Sri Lanka,bat,"['M Vijay', 'V Sehwag', 'R Dravid', 'SR Tendulkar', 'VVS Laxman', 'SK Raina', 'MS Dhoni', 'A Mithun', 'A Mishra', 'I Sharma', 'PP Ojha']",11
456662,2010-08-10,ODI,Rangiri Dambulla International Stadium,Unknown,New Zealand,0,0,0,New Zealand,bat,"['KD Karthik', 'V Sehwag', 'RG Sharma', 'Yuvraj Singh', 'SK Raina', 'MS Dhoni', 'RA Jadeja', 'P Kumar', 'A Mithun', 'A Nehra', 'PP Ojha']",11
456663,2010-08-16,ODI,Rangiri Dambulla International Stadium,Unknown,Sri Lanka,0,0,1,Sri Lanka,bat,"['KD Karthik', 'V Sehwag', 'V Kohli', 'RG Sharma', 'SK Raina', 'MS Dhoni', 'RA Jadeja', 'P Kumar', 'I Sharma', 'A Nehra', 'PP Ojha']",11
456666,2010-08-22,ODI,Rangiri Dambulla International Stadium,Unknown,Sri Lanka,0,0,0,India,bat,"['KD Karthik', 'V Sehwag', 'RG Sharma', 'Yuvraj Singh', 'SK Raina', 'MS Dhoni', 'RA Jadeja', 'P Kumar', 'A Nehra', 'I Sharma', 'PP Ojha']",11
456665,2010-08-25,ODI,Rangiri Dambulla International Stadium,Unknown,New Zealand,0,0,1,India,bat,"['KD Karthik', 'V Sehwag', 'V Kohli', 'Yuvraj Singh', 'SK Raina', 'MS Dhoni', 'RA Jadeja', 'P Kumar', 'A Nehra', 'I Sharma', 'MM Patel']",11
456668,2010-08-28,ODI,Rangiri Dambulla International Stadium,Unknown,Sri Lanka,0,0,0,Sri Lanka,bat,"['V Sehwag', 'KD Karthik', 'V Kohli', 'Yuvraj Singh', 'MS Dhoni', 'SK Raina', 'RG Sharma', 'P Kumar', 'I Sharma', 'A Nehra', 'MM Patel']",11
464526,2010-10-01,TEST,"Punjab Cricket Association Stadium, Mohali",Chandigarh,Australia,1,0,1,Australia,bat,"['G Gambhir', 'V Sehwag', 'R Dravid', 'I Sharma', 'SR Tendulkar', 'SK Raina', 'MS Dhoni', 'Harbhajan Singh', 'Z Khan', 'VVS Laxman', 'PP Ojha']",11
464527,2010-10-09,TEST,M Chinnaswamy Stadium,Bangalore,Australia,1,0,1,Australia,bat,"['M Vijay', 'V Sehwag', 'R Dravid', 'SR Tendulkar', 'CA Pujara', 'SK Raina', 'MS Dhoni', 'Harbhajan Singh', 'Z Khan', 'PP Ojha', 'S Sreesanth']",11
464529,2010-10-20,ODI,Dr. Y.S. Rajasekhara Reddy ACA-VDCA Cricket Stadium,Visakhapatnam,Australia,1,0,1,India,field,"['S Dhawan', 'M Vijay', 'V Kohli', 'Yuvraj Singh', 'SK Raina', 'MS Dhoni', 'SS Tiwary', 'R Ashwin', 'P Kumar', 'R Vinay Kumar', 'A Nehra']",11
464531,2010-11-04,TEST,"Sardar Patel Stadium, Motera",Ahmedabad,New Zealand,1,0,-1,India,bat,"['G Gambhir', 'V Sehwag', 'R Dravid', 'SR Tendulkar', 'VVS Laxman', 'SK Raina', 'MS Dhoni', 'Harbhajan Singh', 'Z Khan', 'PP Ojha', 'S Sreesanth']",11
464532,2010-11-12,TEST,"Rajiv Gandhi International Stadium, Uppal",Hyderabad,New Zealand,1,0,-1,New Zealand,bat,"['G Gambhir', 'V Sehwag', 'R Dravid', 'SR Tendulkar', 'VVS Laxman', 'SK Raina', 'MS Dhoni', 'Harbhajan Singh', 'Z Khan', 'PP Ojha', 'S Sreesanth']",11
464533,2010-11-20,TEST,"Vidarbha Cricket Association Stadium, Jamtha",Nagpur,New Zealand,1,0,1,New Zealand,bat,"['G Gambhir', 'V Sehwag', 'R Dravid', 'SR Tendulkar', 'VVS Laxman', 'SK Raina', 'MS Dhoni', 'Harbhajan Singh', 'I Sharma', 'S Sreesanth', 'PP Ojha']",11
467883,2010-11-28,ODI,Nehru Stadium,Guwahati,New Zealand,1,0,1,New Zealand,field,"['M Vijay', 'G Gambhir', 'V Kohli', 'Yuvraj Singh', 'SK Raina', 'YK Pathan', 'WP Saha', 'R Ashwin', 'A Nehra', 'S Sreesanth', 'MM Patel']",11
467884,2010-12-01,ODI,Sawai Mansingh Stadium,Jaipur,New Zealand,1,0,1,India,field,"['M Vijay', 'G Gambhir', 'V Kohli', 'Yuvraj Singh', 'SK Raina', 'YK Pathan', 'WP Saha', 'R Ashwin', 'A Nehra', 'S Sreesanth', 'MM Patel']",11
467885,2010-12-04,ODI,Reliance Stadium,Vadodara,New Zealand,0,0,1,India,field,"['M Vijay', 'G Gambhir', 'V Kohli', 'Yuvraj Singh', 'YK Pathan', 'RA Jadeja', 'WP Saha', 'R Ashwin', 'A Nehra', 'MM Patel', 'Z Khan']",11
467886,2010-12-07,ODI,M Chinnaswamy Stadium,Bangalore,New Zealand,1,0,1,India,field,"['G Gambhir', 'PA Patel', 'V Kohli', 'Yuvraj Singh', 'RG Sharma', 'YK Pathan', 'SS Tiwary', 'R Ashwin', 'P Kumar', 'Z Khan', 'A Nehra']",11
467887,2010-12-10,ODI,"MA Chidambaram Stadium, Chepauk",Chennai,New Zealand,1,0,1,New Zealand,bat,"['G Gambhir', 'PA Patel', 'V Kohli', 'Yuvraj Singh', 'RG Sharma', 'YK Pathan', 'SS Tiwary', 'R Ashwin', 'P Kumar', 'A Nehra', 'MM Patel']",11
463146,2010-12-16,TEST,SuperSport Park,Centurion,South Africa,0,1,0,South Africa,field,"['G Gambhir', 'V Sehwag', 'R Dravid', 'SR Tendulkar', 'VVS Laxman', 'SK Raina', 'MS Dhoni', 'Harbhajan Singh', 'I Sharma', 'S Sreesanth', 'JD Unadkat']",11
463147,2010-12-26,TEST,Kingsmead,Durban,South Africa,0,1,1,South Africa,field,"['V Sehwag', 'M Vijay', 'R Dravid', 'SR Tendulkar', 'VVS Laxman', 'CA Pujara', 'MS Dhoni', 'Harbhajan Singh', 'Z Khan', 'I Sharma', 'S Sreesanth']",11
463148,2011-01-02,TEST,Newlands,Cape Town,South Africa,0,1,-1,India,field,"['G Gambhir', 'V Sehwag', 'R Dravid', 'SR Tendulkar', 'VVS Laxman', 'CA Pujara', 'MS Dhoni', 'Harbhajan Singh', 'Z Khan', 'I Sharma', 'S Sreesanth']",11
463149,2011-01-09,T20I,Moses Mabhida Stadium,Durban,South Africa,0,1,1,India,bat,"['V Kohli', 'M Vijay', 'RG Sharma', 'Yuvraj Singh', 'YK Pathan', 'SK Raina', 'MS Dhoni', 'R Ashwin', 'P Kumar', 'A Nehra', 'MM Patel']",11
463150,2011-01-12,ODI,Kingsmead,Durban,South Africa,0,1,0,South Africa,bat,"['M Vijay', 'SR Tendulkar', 'V Kohli', 'RG Sharma', 'Yuvraj Singh', 'MS Dhoni', 'SK Raina', 'Harbhajan Singh', 'Z Khan', 'A Nehra', 'MM Patel']",11
463151,2011-01-15,ODI,New Wanderers Stadium,Johannesburg,South Africa,0,1,1,India,bat,"['M Vijay', 'SR Tendulkar', 'V Kohli', 'Yuvraj Singh', 'MS Dhoni', 'SK Raina', 'RG Sharma', 'Harbhajan Singh', 'Z Khan', 'A Nehra', 'MM Patel']",11
463152,2011-01-18,ODI,Newlands,Cape Town,South Africa,0,1,1,South Africa,bat,"['RG Sharma', 'M Vijay', 'V Kohli', 'Yuvraj Singh', 'MS Dhoni', 'SK Raina', 'YK Pathan', 'Harbhajan Singh', 'Z Khan', 'A Nehra', 'MM Patel']",11
463153,2011-01-21,ODI,St George's Park,Port Elizabeth,South Africa,0,1,0,South Africa,bat,"['RG Sharma', 'PA Patel', 'V Kohli', 'Yuvraj Singh', 'SK Raina', 'MS Dhoni', 'YK Pathan', 'Harbhajan Singh', 'MM Patel', 'Z Khan', 'A Nehra']",11
463154,2011-01-23,ODI,SuperSport Park,Centurion,South Africa,0,1,0,India,field,"['PA Patel', 'RG Sharma', 'V Kohli', 'MS Dhoni', 'Yuvraj Singh', 'SK Raina', 'YK Pathan', 'Harbhajan Singh', 'PP Chawla', 'Z Khan', 'MM Patel']",11
433558,2011-02-19,ODI,Shere Bangla National Stadium,Mirpur,Bangladesh,0,0,1,Bangladesh,field,"['V Sehwag', 'SR Tendulkar', 'G Gambhir', 'V Kohli', 'YK Pathan', 'Yuvraj Singh', 'MS Dhoni', 'Harbhajan Singh', 'Z Khan', 'S Sreesanth', 'MM Patel']",11
433568,2011-02-27,ODI,M Chinnaswamy Stadium,Bangalore,England,1,0,-1,India,bat,"['V Sehwag', 'SR Tendulkar', 'G Gambhir', 'Yuvraj Singh', 'MS Dhoni', 'YK Pathan', 'V Kohli', 'Harbhajan Singh', 'Z Khan', 'PP Chawla', 'MM Patel']",11
433578,2011-03-06,ODI,M Chinnaswamy Stadium,Bangalore,Ireland,1,0,1,India,field,"['V Sehwag', 'SR Tendulkar', 'G Gambhir', 'V Kohli', 'Yuvraj Singh', 'MS Dhoni', 'YK Pathan', 'Harbhajan Singh', 'PP Chawla', 'Z Khan', 'MM Patel']",11
433582,2011-03-09,ODI,Feroz Shah Kotla,Delhi,Netherlands,1,0,1,Netherlands,bat,"['V Sehwag', 'SR Tendulkar', 'YK Pathan', 'G Gambhir', 'V Kohli', 'Yuvraj Singh', 'MS Dhoni', 'Harbhajan Singh', 'PP Chawla', 'Z Khan', 'A Nehra']",11
433586,2011-03-12,ODI,"Vidarbha Cricket Association Stadium, Jamtha",Nagpur,South Africa,1,0,0,India,bat,"['V Sehwag', 'SR Tendulkar', 'G Gambhir', 'YK Pathan', 'Yuvraj Singh', 'MS Dhoni', 'V Kohli', 'Harbhajan Singh', 'Z Khan', 'A Nehra', 'MM Patel']",11
433599,2011-03-20,ODI,"MA Chidambaram Stadium, Chepauk",Chennai,West Indies,1,0,1,India,bat,"['G Gambhir', 'SR Tendulkar', 'V Kohli', 'Yuvraj Singh', 'MS Dhoni', 'SK Raina', 'YK Pathan', 'Harbhajan Singh', 'R Ashwin', 'Z Khan', 'MM Patel']",11
433601,2011-03-24,ODI,"Sardar Patel Stadium, Motera",Ahmedabad,Australia,1,0,1,Australia,bat,"['V Sehwag', 'SR Tendulkar', 'G Gambhir', 'V Kohli', 'Yuvraj Singh', 'MS Dhoni', 'SK Raina', 'R Ashwin', 'Harbhajan Singh', 'Z Khan', 'MM Patel']",11
433605,2011-03-30,ODI,"Punjab Cricket Association Stadium, Mohali",Chandigarh,Pakistan,1,0,1,India,bat,"['V Sehwag', 'SR Tendulkar', 'G Gambhir', 'V Kohli', 'Yuvraj Singh', 'MS Dhoni', 'SK Raina', 'Harbhajan Singh', 'Z Khan', 'A Nehra', 'MM Patel']",11
433606,2011-04-02,ODI,Wankhede Stadium,Mumbai,Sri Lanka,1,0,1,Sri Lanka,bat,"['V Sehwag', 'SR Tendulkar', 'G Gambhir', 'V Kohli', 'MS Dhoni', 'Yuvraj Singh', 'SK Raina', 'Harbhajan Singh', 'Z Khan', 'MM Patel', 'S Sreesanth']",11
489220,2011-06-04,T20I,"Queen's Park Oval, Port of Spain",Trinidad,West Indies,0,1,1,West Indies,field,"['PA Patel', 'S Dhawan', 'V Kohli', 'S Badrinath', 'SK Raina', 'RG Sharma', 'YK Pathan', 'Harbhajan Singh', 'P Kumar', 'R Ashwin', 'MM Patel']",11
489221,2011-06-06,ODI,"Queen's Park Oval, Port of Spain",Trinidad,West Indies,0,1,1,West Indies,bat,"['PA Patel', 'S Dhawan', 'V Kohli', 'S Badrinath', 'RG Sharma', 'SK Raina', 'YK Pathan', 'Harbhajan Singh', 'P Kumar', 'MM Patel', 'A Mishra']",11
489222,2011-06-08,ODI,"Queen's Park Oval, Port of Spain",Trinidad,West Indies,0,1,1,India,field,"['PA Patel', 'S Dhawan', 'V Kohli', 'SK Raina', 'RG Sharma', 'S Badrinath', 'YK Pathan', 'P Kumar', 'Harbhajan Singh', 'MM Patel', 'A Mishra']",11
489223,2011-06-11,ODI,"Sir Vivian Richards Stadium, North Sound",Antigua,West Indies,0,0,1,India,field,"['PA Patel', 'S Dhawan', 'V Kohli', 'S Badrinath', 'RG Sharma', 'SK Raina', 'YK Pathan', 'Harbhajan Singh', 'P Kumar', 'MM Patel', 'A Mishra']",11
489224,2011-06-13,ODI,"Sir Vivian Richards Stadium, North Sound",Antigua,West Indies,0,0,0,India,field,"['PA Patel', 'MK Tiwary', 'V Kohli', 'S Badrinath', 'RG Sharma', 'SK Raina', 'YK Pathan', 'R Ashwin', 'P Kumar', 'A Mishra', 'I Sharma']",11
489225,2011-06-16,ODI,"Sabina Park, Kingston",Jamaica,West Indies,0,0,0,West Indies,field,"['S Dhawan', 'PA Patel', 'V Kohli', 'MK Tiwary', 'RG Sharma', 'SK Raina', 'YK Pathan', 'R Ashwin', 'A Mishra', 'R Vinay Kumar', 'I Sharma']",11
489226,2011-06-20,TEST,"Sabina Park, Kingston",Jamaica,West Indies,0,0,1,India,bat,"['A Mukund', 'M Vijay', 'R Dravid', 'VVS Laxman', 'V Kohli', 'SK Raina', 'MS Dhoni', 'Harbhajan Singh', 'P Kumar', 'A Mishra', 'I Sharma']",11
489227,2011-06-28,TEST,"Kensington Oval, Bridgetown",Barbados,West Indies,0,1,-1,West Indies,field,"['A Mukund', 'M Vijay', 'R Dravid', 'VVS Laxman', 'V Kohli', 'SK Raina', 'MS Dhoni', 'Harbhajan Singh', 'P Kumar', 'A Mithun', 'I Sharma']",11
489228,2011-07-06,TEST,"Windsor Park, Roseau",Dominica,West Indies,0,0,-1,India,field,"['A Mukund', 'M Vijay', 'R Dravid', 'VVS Laxman', 'V Kohli', 'SK Raina', 'MS Dhoni', 'Harbhajan Singh', 'P Kumar', 'I Sharma', 'MM Patel']",11
474472,2011-07-21,TEST,Lord's,London,England,0,1,0,India,field,"['A Mukund', 'G Gambhir', 'R Dravid', 'SR Tendulkar', 'VVS Laxman', 'SK Raina', 'MS Dhoni', 'Harbhajan Singh', 'P Kumar', 'Z Khan', 'I Sharma']",11
474473,2011-07-29,TEST,Trent Bridge,Nottingham,England,0,1,0,India,field,"['A Mukund', 'R Dravid', 'VVS Laxman', 'SR Tendulkar', 'SK Raina', 'Yuvraj Singh', 'MS Dhoni', 'Harbhajan Singh', 'P Kumar', 'I Sharma', 'S Sreesanth']",11
474474,2011-08-10,TEST,Edgbaston,Birmingham,England,0,1,0,England,field,"['G Gambhir', 'V Sehwag', 'R Dravid', 'SR Tendulkar', 'VVS Laxman', 'SK Raina', 'MS Dhoni', 'A Mishra', 'P Kumar', 'I Sharma', 'S Sreesanth']",11
474475,2011-08-18,TEST,Kennington Oval,London,England,0,1,0,England,bat,"['V Sehwag', 'R Dravid', 'VVS Laxman', 'SR Tendulkar', 'SK Raina', 'I Sharma', 'MS Dhoni', 'A Mishra', 'G Gambhir', 'RP Singh', 'S Sreesanth']",11
474476,2011-08-31,T20I,Old Trafford,Manchester,England,0,1,0,India,bat,"['PA Patel', 'AM Rahane', 'R Dravid', 'V Kohli', 'RG Sharma', 'SK Raina', 'MS Dhoni', 'R Ashwin', 'P Kumar', 'R Vinay Kumar', 'MM Patel']",11
474477,2011-09-03,ODI,Riverside Ground,Chester-le-Street,England,0,0,-1,England,field,"['PA Patel', 'AM Rahane', 'R Dravid', 'V Kohli', 'RG Sharma', 'SK Raina', 'MS Dhoni', 'P Kumar', 'R Ashwin', 'R Vinay Kumar', 'MM Patel']",11
474478,2011-09-06,ODI,The Rose Bowl,Southampton,England,0,0,0,England,field,"['PA Patel', 'AM Rahane', 'R Dravid', 'V Kohli', 'SK Raina', 'MS Dhoni', 'MK Tiwary', 'R Ashwin', 'P Kumar', 'R Vinay Kumar', 'MM Patel']",11
474479,2011-09-09,ODI,Kennington Oval,London,England,0,1,0,England,field,"['PA Patel', 'AM Rahane', 'R Dravid', 'V Kohli', 'SK Raina', 'MS Dhoni', 'RA Jadeja', 'R Ashwin', 'P Kumar', 'MM Patel', 'RP Singh']",11
474480,2011-09-11,ODI,Lord's,London,England,0,1,-1,England,field,"['PA Patel', 'AM Rahane', 'R Dravid', 'V Kohli', 'SK Raina', 'MS Dhoni', 'RA Jadeja', 'R Ashwin', 'P Kumar', 'MM Patel', 'RP Singh']",11
474481,2011-09-16,ODI,Sophia Gardens,Cardiff,England,0,0,0,England,field,"['PA Patel', 'AM Rahane', 'R Dravid', 'V Kohli', 'SK Raina', 'MS Dhoni', 'RA Jadeja', 'R Ashwin', 'RP Singh', 'MM Patel', 'R Vinay Kumar']",11
521218,2011-10-14,ODI,"Rajiv Gandhi International Stadium, Uppal",Hyderabad,England,1,0,1,India,bat,"['PA Patel', 'AM Rahane', 'G Gambhir', 'V Kohli', 'SK Raina', 'MS Dhoni', 'RA Jadeja', 'R Ashwin', 'P Kumar', 'R Vinay Kumar', 'UT Yadav']",11
521219,2011-10-17,ODI,Feroz Shah Kotla,Delhi,England,1,0,1,England,bat,"['PA Patel', 'AM Rahane', 'G Gambhir', 'V Kohli', 'SK Raina', 'MS Dhoni', 'RA Jadeja', 'R Ashwin', 'R Vinay Kumar', 'UT Yadav', 'P Kumar']",11
521220,2011-10-20,ODI,"Punjab Cricket Association Stadium, Mohali",Chandigarh,England,1,0,1,England,bat,"['PA Patel', 'AM Rahane', 'G Gambhir', 'V Kohli', 'SK Raina', 'MS Dhoni', 'RA Jadeja', 'R Ashwin', 'R Vinay Kumar', 'UT Yadav', 'P Kumar']",11
521221,2011-10-23,ODI,Wankhede Stadium,Mumbai,England,1,0,1,England,bat,"['PA Patel', 'AM Rahane', 'G Gambhir', 'V Kohli', 'SK Raina', 'MS Dhoni', 'RA Jadeja', 'R Ashwin', 'R Vinay Kumar', 'P Kumar', 'VR Aaron']",11
521222,2011-10-25,ODI,Eden Gardens,Kolkata,England,1,0,1,England,field,"['AM Rahane', 'G Gambhir', 'V Kohli', 'MK Tiwary', 'SK Raina', 'MS Dhoni', 'RA Jadeja', 'R Ashwin', 'P Kumar', 'R Vinay Kumar', 'VR Aaron']",11
521217,2011-10-29,T20I,Eden Gardens,Kolkata,England,1,0,0,India,bat,"['RV Uthappa', 'AM Rahane', 'V Kohli', 'SK Raina', 'MK Tiwary', 'MS Dhoni', 'RA Jadeja', 'YK Pathan', 'P Kumar', 'R Ashwin', 'R Vinay Kumar']",11
535997,2011-11-06,TEST,Feroz Shah Kotla,Delhi,West Indies,1,0,1,West Indies,bat,"['G Gambhir', 'V Sehwag', 'R Dravid', 'SR Tendulkar', 'VVS Laxman', 'Yuvraj Singh', 'MS Dhoni', 'R Ashwin', 'I Sharma', 'PP Ojha', 'UT Yadav']",11
535998,2011-11-14,TEST,Eden Gardens,Kolkata,West Indies,1,0,1,India,bat,"['G Gambhir', 'V Sehwag', 'R Dravid', 'SR Tendulkar', 'VVS Laxman', 'I Sharma', 'Yuvraj Singh', 'MS Dhoni', 'R Ashwin', 'PP Ojha', 'UT Yadav']",11
535999,2011-11-22,TEST,Wankhede Stadium,Mumbai,West Indies,1,0,-1,West Indies,bat,"['G Gambhir', 'V Sehwag', 'R Dravid', 'SR Tendulkar', 'VVS Laxman', 'V Kohli', 'MS Dhoni', 'R Ashwin', 'I Sharma', 'VR Aaron', 'PP Ojha']",11
536929,2011-11-29,ODI,Barabati Stadium,Cuttack,West Indies,1,0,1,India,field,"['PA Patel', 'V Sehwag', 'G Gambhir', 'V Kohli', 'RG Sharma', 'SK Raina', 'RA Jadeja', 'R Ashwin', 'R Vinay Kumar', 'VR Aaron', 'UT Yadav']",11
536930,2011-12-02,ODI,Dr. Y.S. Rajasekhara Reddy ACA-VDCA Cricket Stadium,Visakhapatnam,West Indies,1,0,1,India,field,"['PA Patel', 'V Sehwag', 'G Gambhir', 'V Kohli', 'RG Sharma', 'SK Raina', 'RA Jadeja', 'R Ashwin', 'R Vinay Kumar', 'VR Aaron', 'UT Yadav']",11
536931,2011-12-05,ODI,"Sardar Patel Stadium, Motera",Ahmedabad,West Indies,1,0,0,India,field,"['PA Patel', 'V Sehwag', 'G Gambhir', 'V Kohli', 'RG Sharma', 'SK Raina', 'RA Jadeja', 'R Ashwin', 'R Vinay Kumar', 'A Mithun', 'UT Yadav']",11
536932,2011-12-08,ODI,Holkar Cricket Stadium,Indore,West Indies,1,0,1,India,bat,"['G Gambhir', 'V Sehwag', 'SK Raina', 'RA Jadeja', 'RG Sharma', 'V Kohli', 'PA Patel', 'R Ashwin', 'R Vinay Kumar', 'A Mithun', 'R Sharma']",11
536933,2011-12-11,ODI,"MA Chidambaram Stadium, Chepauk",Chennai,West Indies,1,0,1,India,bat,"['G Gambhir', 'AM Rahane', 'PA Patel', 'MK Tiwary', 'V Kohli', 'RG Sharma', 'SK Raina', 'IK Pathan', 'RA Jadeja', 'A Mithun', 'R Sharma']",11
518950,2011-12-26,TEST,Melbourne Cricket Ground,Unknown,Australia,0,1,0,Australia,bat,"['G Gambhir', 'V Sehwag', 'R Dravid', 'SR Tendulkar', 'I Sharma', 'VVS Laxman', 'V Kohli', 'MS Dhoni', 'R Ashwin', 'Z Khan', 'UT Yadav']",11
518951,2012-01-03,TEST,Sydney Cricket Ground,Unknown,Australia,0,1,0,India,bat,"['G Gambhir', 'V Sehwag', 'R Dravid', 'SR Tendulkar', 'VVS Laxman', 'V Kohli', 'MS Dhoni', 'R Ashwin', 'Z Khan', 'I Sharma', 'UT Yadav']",11
518952,2012-01-13,TEST,Western Australia Cricket Association Ground,Perth,Australia,0,1,0,Australia,field,"['G Gambhir', 'V Sehwag', 'R Dravid', 'SR Tendulkar', 'VVS Laxman', 'V Kohli', 'MS Dhoni', 'R Vinay Kumar', 'Z Khan', 'I Sharma', 'UT Yadav']",11
518953,2012-01-24,TEST,Adelaide Oval,Unknown,Australia,0,1,0,Australia,bat,"['G Gambhir', 'V Sehwag', 'R Dravid', 'SR Tendulkar', 'VVS Laxman', 'V Kohli', 'WP Saha', 'R Ashwin', 'Z Khan', 'I Sharma', 'UT Yadav']",11
518954,2012-02-01,T20I,Stadium Australia,Sydney,Australia,0,1,0,India,field,"['G Gambhir', 'V Sehwag', 'V Kohli', 'SK Raina', 'RG Sharma', 'MS Dhoni', 'RA Jadeja', 'R Ashwin', 'R Sharma', 'R Vinay Kumar', 'P Kumar']",11
518955,2012-02-03,T20I,Melbourne Cricket Ground,Unknown,Australia,0,1,1,Australia,bat,"['G Gambhir', 'V Sehwag', 'V Kohli', 'MS Dhoni', 'SK Raina', 'RG Sharma', 'RA Jadeja', 'R Sharma', 'R Ashwin', 'R Vinay Kumar', 'P Kumar']",11
518956,2012-02-05,ODI,Melbourne Cricket Ground,Unknown,Australia,0,1,0,India,field,"['G Gambhir', 'SR Tendulkar', 'V Kohli', 'RG Sharma', 'SK Raina', 'MS Dhoni', 'RA Jadeja', 'R Ashwin', 'R Sharma', 'P Kumar', 'R Vinay Kumar']",11
518957,2012-02-08,ODI,Western Australia Cricket Association Ground,Perth,Sri Lanka,0,1,1,Sri Lanka,bat,"['V Sehwag', 'SR Tendulkar', 'V Kohli', 'RG Sharma', 'SK Raina', 'MS Dhoni', 'RA Jadeja', 'R Ashwin', 'R Vinay Kumar', 'P Kumar', 'Z Khan']",11
518959,2012-02-12,ODI,Adelaide Oval,Unknown,Australia,0,1,1,Australia,bat,"['G Gambhir', 'V Sehwag', 'V Kohli', 'RG Sharma', 'SK Raina', 'MS Dhoni', 'RA Jadeja', 'R Ashwin', 'R Vinay Kumar', 'Z Khan', 'UT Yadav']",11
518960,2012-02-14,ODI,Adelaide Oval,Unknown,Sri Lanka,0,1,-1,Sri Lanka,bat,"['G Gambhir', 'SR Tendulkar', 'V Kohli', 'RG Sharma', 'SK Raina', 'MS Dhoni', 'RA Jadeja', 'R Ashwin', 'IK Pathan', 'R Vinay Kumar', 'UT Yadav']",11
518962,2012-02-19,ODI,"Brisbane Cricket Ground, Woolloongabba",Brisbane,Australia,0,1,0,Australia,bat,"['G Gambhir', 'SR Tendulkar', 'V Kohli', 'RG Sharma', 'SK Raina', 'MS Dhoni', 'RA Jadeja', 'IK Pathan', 'R Vinay Kumar', 'Z Khan', 'UT Yadav']",11
518963,2012-02-21,ODI,"Brisbane Cricket Ground, Woolloongabba",Brisbane,Sri Lanka,0,1,0,Sri Lanka,bat,"['V Sehwag', 'SR Tendulkar', 'G Gambhir', 'V Kohli', 'SK Raina', 'RA Jadeja', 'IK Pathan', 'PA Patel', 'R Ashwin', 'R Vinay Kumar', 'UT Yadav']",11
518965,2012-02-26,ODI,Sydney Cricket Ground,Unknown,Australia,0,1,0,Australia,bat,"['V Sehwag', 'SR Tendulkar', 'G Gambhir', 'V Kohli', 'SK Raina', 'MS Dhoni', 'RA Jadeja', 'R Ashwin', 'IK Pathan', 'P Kumar', 'UT Yadav']",11
518966,2012-02-28,ODI,Bellerive Oval,Hobart,Sri Lanka,0,1,1,India,field,"['V Sehwag', 'SR Tendulkar', 'G Gambhir', 'V Kohli', 'SK Raina', 'MS Dhoni', 'RA Jadeja', 'R Ashwin', 'P Kumar', 'Z Khan', 'UT Yadav']",11
535795,2012-03-13,ODI,Shere Bangla National Stadium,Mirpur,Sri Lanka,0,0,1,Sri Lanka,field,"['G Gambhir', 'SR Tendulkar', 'V Kohli', 'MS Dhoni', 'SK Raina', 'RG Sharma', 'RA Jadeja', 'IK Pathan', 'R Ashwin', 'P Kumar', 'R Vinay Kumar']",11
535797,2012-03-16,ODI,Shere Bangla National Stadium,Mirpur,Bangladesh,0,0,0,Bangladesh,field,"['G Gambhir', 'SR Tendulkar', 'V Kohli', 'SK Raina', 'MS Dhoni', 'RG Sharma', 'RA Jadeja', 'IK Pathan', 'R Ashwin', 'P Kumar', 'AB Dinda']",11
535798,2012-03-18,ODI,Shere Bangla National Stadium,Mirpur,Pakistan,0,0,1,Pakistan,bat,"['G Gambhir', 'SR Tendulkar', 'V Kohli', 'RG Sharma', 'SK Raina', 'MS Dhoni', 'YK Pathan', 'IK Pathan', 'R Ashwin', 'P Kumar', 'AB Dinda']",11
556252,2012-03-30,T20I,New Wanderers Stadium,Johannesburg,South Africa,0,1,0,India,field,"['RV Uthappa', 'G Gambhir', 'V Kohli', 'RG Sharma', 'SK Raina', 'MS Dhoni', 'YK Pathan', 'IK Pathan', 'R Ashwin', 'P Kumar', 'R Vinay Kumar']",11
564781,2012-07-21,ODI,"Mahinda Rajapaksa International Cricket Stadium, Sooriyawewa",Hambantota,Sri Lanka,0,0,1,India,bat,"['G Gambhir', 'V Sehwag', 'V Kohli', 'RG Sharma', 'SK Raina', 'MS Dhoni', 'IK Pathan', 'R Ashwin', 'Z Khan', 'UT Yadav', 'PP Ojha']",11
564782,2012-07-24,ODI,"Mahinda Rajapaksa International Cricket Stadium, Sooriyawewa",Hambantota,Sri Lanka,0,0,0,India,bat,"['G Gambhir', 'V Sehwag', 'V Kohli', 'RG Sharma', 'SK Raina', 'MS Dhoni', 'IK Pathan', 'R Ashwin', 'Z Khan', 'PP Ojha', 'UT Yadav']",11
564783,2012-07-28,ODI,R Premadasa Stadium,Colombo,Sri Lanka,0,0,1,Sri Lanka,bat,"['G Gambhir', 'V Sehwag', 'V Kohli', 'MS Dhoni', 'RG Sharma', 'SK Raina', 'IK Pathan', 'R Ashwin', 'Z Khan', 'R Sharma', 'AB Dinda']",11
564784,2012-07-31,ODI,R Premadasa Stadium,Colombo,Sri Lanka,0,0,1,Sri Lanka,bat,"['G Gambhir', 'V Sehwag', 'V Kohli', 'RG Sharma', 'MK Tiwary', 'SK Raina', 'MS Dhoni', 'IK Pathan', 'R Ashwin', 'Z Khan', 'AB Dinda']",11
564785,2012-08-04,ODI,Pallekele International Cricket Stadium,Unknown,Sri Lanka,0,0,1,India,bat,"['G Gambhir', 'AM Rahane', 'V Kohli', 'RG Sharma', 'MK Tiwary', 'SK Raina', 'MS Dhoni', 'IK Pathan', 'R Ashwin', 'Z Khan', 'AB Dinda']",11
564786,2012-08-07,T20I,Pallekele International Cricket Stadium,Unknown,Sri Lanka,0,0,1,Sri Lanka,field,"['G Gambhir', 'AM Rahane', 'V Kohli', 'SK Raina', 'MS Dhoni', 'RG Sharma', 'MK Tiwary', 'IK Pathan', 'R Ashwin', 'UT Yadav', 'AB Dinda']",11
565817,2012-08-23,TEST,"Rajiv Gandhi International Stadium, Uppal",Hyderabad,New Zealand,1,0,1,India,bat,"['G Gambhir', 'V Sehwag', 'CA Pujara', 'SR Tendulkar', 'V Kohli', 'SK Raina', 'MS Dhoni', 'R Ashwin', 'Z Khan', 'PP Ojha', 'UT Yadav']",11
565818,2012-08-31,TEST,M Chinnaswamy Stadium,Bangalore,New Zealand,1,0,1,New Zealand,bat,"['G Gambhir', 'V Sehwag', 'CA Pujara', 'SR Tendulkar', 'V Kohli', 'SK Raina', 'MS Dhoni', 'R Ashwin', 'Z Khan', 'PP Ojha', 'UT Yadav']",11
565820,2012-09-11,T20I,"MA Chidambaram Stadium, Chepauk",Chennai,New Zealand,1,0,0,India,field,"['G Gambhir', 'V Kohli', 'SK Raina', 'Yuvraj Singh', 'MS Dhoni', 'RG Sharma', 'MK Tiwary', 'IK Pathan', 'R Ashwin', 'Z Khan', 'L Balaji']",11
533281,2012-09-23,T20I,R Premadasa Stadium,Colombo,England,0,0,1,England,field,"['G Gambhir', 'IK Pathan', 'V Kohli', 'RG Sharma', 'MS Dhoni', 'SK Raina', 'Yuvraj Singh', 'Harbhajan Singh', 'PP Chawla', 'AB Dinda', 'L Balaji']",11
533287,2012-09-28,T20I,R Premadasa Stadium,Colombo,Australia,0,0,0,India,bat,"['G Gambhir', 'IK Pathan', 'V Kohli', 'Yuvraj Singh', 'RG Sharma', 'SK Raina', 'MS Dhoni', 'R Ashwin', 'Harbhajan Singh', 'PP Chawla', 'Z Khan']",11
533291,2012-09-30,T20I,R Premadasa Stadium,Colombo,Pakistan,0,0,1,Pakistan,bat,"['G Gambhir', 'V Sehwag', 'V Kohli', 'Yuvraj Singh', 'SK Raina', 'RG Sharma', 'MS Dhoni', 'IK Pathan', 'R Ashwin', 'Z Khan', 'L Balaji']",11
533295,2012-10-02,T20I,R Premadasa Stadium,Colombo,South Africa,0,0,1,South Africa,field,"['G Gambhir', 'V Sehwag', 'V Kohli', 'RG Sharma', 'Yuvraj Singh', 'SK Raina', 'MS Dhoni', 'IK Pathan', 'R Ashwin', 'L Balaji', 'Z Khan']",11
565806,2012-11-15,TEST,"Sardar Patel Stadium, Motera",Ahmedabad,England,1,0,1,India,bat,"['G Gambhir', 'V Sehwag', 'CA Pujara', 'SR Tendulkar', 'V Kohli', 'Yuvraj Singh', 'MS Dhoni', 'R Ashwin', 'Z Khan', 'PP Ojha', 'UT Yadav']",11
565807,2012-11-23,TEST,Wankhede Stadium,Mumbai,England,1,0,0,India,bat,"['G Gambhir', 'V Sehwag', 'CA Pujara', 'SR Tendulkar', 'V Kohli', 'Yuvraj Singh', 'MS Dhoni', 'R Ashwin', 'Harbhajan Singh', 'Z Khan', 'PP Ojha']",11
565808,2012-12-05,TEST,Eden Gardens,Kolkata,England,1,0,0,India,bat,"['G Gambhir', 'V Sehwag', 'CA Pujara', 'SR Tendulkar', 'V Kohli', 'Yuvraj Singh', 'MS Dhoni', 'R Ashwin', 'Z Khan', 'I Sharma', 'PP Ojha']",11
565809,2012-12-13,TEST,"Vidarbha Cricket Association Stadium, Jamtha",Nagpur,England,1,0,-1,England,bat,"['G Gambhir', 'V Sehwag', 'CA Pujara', 'SR Tendulkar', 'V Kohli', 'MS Dhoni', 'RA Jadeja', 'R Ashwin', 'PP Chawla', 'PP Ojha', 'I Sharma']",11
565810,2012-12-20,T20I,Subrata Roy Sahara Stadium,Pune,England,1,0,1,India,field,"['G Gambhir', 'AM Rahane', 'V Kohli', 'Yuvraj Singh', 'SK Raina', 'MS Dhoni', 'RA Jadeja', 'R Ashwin', 'PP Chawla', 'AB Dinda', 'P Awana']",11
565811,2012-12-22,T20I,Wankhede Stadium,Mumbai,England,1,0,0,England,field,"['G Gambhir', 'AM Rahane', 'V Kohli', 'Yuvraj Singh', 'RG Sharma', 'SK Raina', 'MS Dhoni', 'R Ashwin', 'PP Chawla', 'AB Dinda', 'P Awana']",11
589306,2012-12-25,T20I,M Chinnaswamy Stadium,Bangalore,Pakistan,1,0,0,Pakistan,field,"['G Gambhir', 'AM Rahane', 'V Kohli', 'Yuvraj Singh', 'MS Dhoni', 'SK Raina', 'RG Sharma', 'RA Jadeja', 'B Kumar', 'I Sharma', 'AB Dinda']",11
589307,2012-12-28,T20I,"Sardar Patel Stadium, Motera",Ahmedabad,Pakistan,1,0,1,Pakistan,field,"['G Gambhir', 'AM Rahane', 'V Kohli', 'Yuvraj Singh', 'MS Dhoni', 'SK Raina', 'RG Sharma', 'B Kumar', 'R Ashwin', 'I Sharma', 'AB Dinda']",11
589308,2012-12-30,ODI,"MA Chidambaram Stadium, Chepauk",Chennai,Pakistan,1,0,0,Pakistan,field,"['G Gambhir', 'V Sehwag', 'V Kohli', 'Yuvraj Singh', 'RG Sharma', 'SK Raina', 'MS Dhoni', 'R Ashwin', 'B Kumar', 'I Sharma', 'AB Dinda']",11
589309,2013-01-03,ODI,Eden Gardens,Kolkata,Pakistan,1,0,0,India,field,"['G Gambhir', 'V Sehwag', 'V Kohli', 'Yuvraj Singh', 'SK Raina', 'MS Dhoni', 'R Ashwin', 'RA Jadeja', 'B Kumar', 'AB Dinda', 'I Sharma']",11
589310,2013-01-06,ODI,Feroz Shah Kotla,Delhi,Pakistan,1,0,1,India,bat,"['G Gambhir', 'AM Rahane', 'V Kohli', 'Yuvraj Singh', 'SK Raina', 'MS Dhoni', 'R Ashwin', 'RA Jadeja', 'B Kumar', 'I Sharma', 'Mohammed Shami']",11
565812,2013-01-11,ODI,Saurashtra Cricket Association Stadium,Rajkot,England,1,0,0,England,bat,"['AM Rahane', 'G Gambhir', 'V Kohli', 'Yuvraj Singh', 'SK Raina', 'MS Dhoni', 'RA Jadeja', 'R Ashwin', 'B Kumar', 'AB Dinda', 'I Sharma']",11
565813,2013-01-15,ODI,Nehru Stadium,Kochi,England,0,0,1,India,bat,"['AM Rahane', 'G Gambhir', 'V Kohli', 'Yuvraj Singh', 'SK Raina', 'MS Dhoni', 'RA Jadeja', 'R Ashwin', 'B Kumar', 'I Sharma', 'Mohammed Shami']",11
565814,2013-01-19,ODI,JSCA International Stadium Complex,Ranchi,England,1,0,1,India,field,"['G Gambhir', 'AM Rahane', 'V Kohli', 'Yuvraj Singh', 'MS Dhoni', 'SK Raina', 'RA Jadeja', 'R Ashwin', 'B Kumar', 'I Sharma', 'Mohammed Shami']",11
565815,2013-01-23,ODI,"Punjab Cricket Association Stadium, Mohali",Chandigarh,England,1,0,1,India,field,"['G Gambhir', 'RG Sharma', 'V Kohli', 'Yuvraj Singh', 'SK Raina', 'MS Dhoni', 'RA Jadeja', 'R Ashwin', 'B Kumar', 'I Sharma', 'Mohammed Shami']",11
565816,2013-01-27,ODI,Himachal Pradesh Cricket Association Stadium,Dharamsala,England,1,0,0,England,field,"['G Gambhir', 'RG Sharma', 'V Kohli', 'Yuvraj Singh', 'SK Raina', 'MS Dhoni', 'RA Jadeja', 'R Ashwin', 'B Kumar', 'Mohammed Shami', 'I Sharma']",11
598812,2013-02-22,TEST,"MA Chidambaram Stadium, Chepauk",Chennai,Australia,1,0,1,Australia,bat,"['M Vijay', 'V Sehwag', 'CA Pujara', 'SR Tendulkar', 'V Kohli', 'MS Dhoni', 'RA Jadeja', 'R Ashwin', 'Harbhajan Singh', 'B Kumar', 'I Sharma']",11
598813,2013-03-02,TEST,"Rajiv Gandhi International Stadium, Uppal",Hyderabad,Australia,1,0,1,Australia,bat,"['M Vijay', 'V Sehwag', 'CA Pujara', 'SR Tendulkar', 'V Kohli', 'MS Dhoni', 'RA Jadeja', 'R Ashwin', 'Harbhajan Singh', 'B Kumar', 'I Sharma']",11
598814,2013-03-14,TEST,"Punjab Cricket Association Stadium, Mohali",Chandigarh,Australia,1,0,1,Australia,bat,"['M Vijay', 'S Dhawan', 'CA Pujara', 'SR Tendulkar', 'V Kohli', 'MS Dhoni', 'RA Jadeja', 'R Ashwin', 'B Kumar', 'I Sharma', 'PP Ojha']",11
598815,2013-03-22,TEST,Feroz Shah Kotla,Delhi,Australia,1,0,1,Australia,bat,"['M Vijay', 'CA Pujara', 'V Kohli', 'SR Tendulkar', 'AM Rahane', 'MS Dhoni', 'RA Jadeja', 'R Ashwin', 'B Kumar', 'I Sharma', 'PP Ojha']",11
578614,2013-06-06,ODI,Sophia Gardens,Cardiff,South Africa,0,0,1,South Africa,field,"['RG Sharma', 'S Dhawan', 'V Kohli', 'KD Karthik', 'MS Dhoni', 'SK Raina', 'RA Jadeja', 'R Ashwin', 'B Kumar', 'I Sharma', 'UT Yadav']",11
578619,2013-06-11,ODI,Kennington Oval,London,West Indies,0,1,1,India,field,"['RG Sharma', 'S Dhawan', 'V Kohli', 'KD Karthik', 'SK Raina', 'MS Dhoni', 'RA Jadeja', 'R Ashwin', 'I Sharma', 'B Kumar', 'UT Yadav']",11
578623,2013-06-15,ODI,Edgbaston,Birmingham,Pakistan,0,1,1,India,field,"['RG Sharma', 'S Dhawan', 'V Kohli', 'KD Karthik', 'SK Raina', 'MS Dhoni', 'RA Jadeja', 'R Ashwin', 'I Sharma', 'B Kumar', 'UT Yadav']",11
566947,2013-06-20,ODI,Sophia Gardens,Cardiff,Sri Lanka,0,0,1,India,field,"['RG Sharma', 'S Dhawan', 'V Kohli', 'SK Raina', 'KD Karthik', 'MS Dhoni', 'RA Jadeja', 'R Ashwin', 'I Sharma', 'B Kumar', 'UT Yadav']",11
566948,2013-06-23,ODI,Edgbaston,Birmingham,England,0,1,1,England,field,"['RG Sharma', 'S Dhawan', 'V Kohli', 'KD Karthik', 'SK Raina', 'MS Dhoni', 'RA Jadeja', 'R Ashwin', 'B Kumar', 'I Sharma', 'UT Yadav']",11
597924,2013-06-30,ODI,"Sabina Park, Kingston",Jamaica,West Indies,0,0,0,West Indies,field,"['RG Sharma', 'S Dhawan', 'V Kohli', 'KD Karthik', 'SK Raina', 'MS Dhoni', 'RA Jadeja', 'R Ashwin', 'B Kumar', 'I Sharma', 'UT Yadav']",11
597925,2013-07-02,ODI,"Sabina Park, Kingston",Jamaica,Sri Lanka,0,0,0,India,field,"['RG Sharma', 'S Dhawan', 'M Vijay', 'V Kohli', 'KD Karthik', 'SK Raina', 'RA Jadeja', 'R Ashwin', 'Mohammed Shami', 'I Sharma', 'UT Yadav']",11
597926,2013-07-05,ODI,"Queen's Park Oval, Port of Spain",Trinidad,West Indies,0,1,1,West Indies,field,"['RG Sharma', 'S Dhawan', 'V Kohli', 'SK Raina', 'KD Karthik', 'M Vijay', 'RA Jadeja', 'R Ashwin', 'B Kumar', 'I Sharma', 'UT Yadav']",11
597928,2013-07-09,ODI,"Queen's Park Oval, Port of Spain",Trinidad,Sri Lanka,0,1,1,Sri Lanka,field,"['RG Sharma', 'S Dhawan', 'V Kohli', 'KD Karthik', 'SK Raina', 'M Vijay', 'RA Jadeja', 'R Ashwin', 'B Kumar', 'I Sharma', 'UT Yadav']",11
597929,2013-07-11,ODI,"Queen's Park Oval, Port of Spain",Trinidad,Sri Lanka,0,1,1,India,field,"['RG Sharma', 'S Dhawan', 'V Kohli', 'KD Karthik', 'SK Raina', 'MS Dhoni', 'RA Jadeja', 'R Ashwin', 'B Kumar', 'R Vinay Kumar', 'I Sharma']",11
643665,2013-07-24,ODI,Harare Sports Club,Unknown,Zimbabwe,0,0,1,India,field,"['RG Sharma', 'S Dhawan', 'V Kohli', 'AT Rayudu', 'SK Raina', 'KD Karthik', 'RA Jadeja', 'A Mishra', 'Mohammed Shami', 'R Vinay Kumar', 'JD Unadkat']",11
643667,2013-07-26,ODI,Harare Sports Club,Unknown,Zimbabwe,0,0,1,Zimbabwe,field,"['RG Sharma', 'S Dhawan', 'V Kohli', 'AT Rayudu', 'SK Raina', 'KD Karthik', 'RA Jadeja', 'A Mishra', 'R Vinay Kumar', 'Mohammed Shami', 'JD Unadkat']",11
643669,2013-07-28,ODI,Harare Sports Club,Unknown,Zimbabwe,0,0,1,India,field,"['RG Sharma', 'S Dhawan', 'V Kohli', 'AT Rayudu', 'SK Raina', 'KD Karthik', 'RA Jadeja', 'A Mishra', 'Mohammed Shami', 'R Vinay Kumar', 'JD Unadkat']",11
643675,2013-08-01,ODI,Queens Sports Club,Bulawayo,Zimbabwe,0,0,1,India,field,"['CA Pujara', 'RG Sharma', 'SK Raina', 'V Kohli', 'KD Karthik', 'AT Rayudu', 'RA Jadeja', 'A Mishra', 'Mohammed Shami', 'MM Sharma', 'JD Unadkat']",11
643677,2013-08-03,ODI,Queens Sports Club,Bulawayo,Zimbabwe,0,0,1,India,field,"['CA Pujara', 'S Dhawan', 'AM Rahane', 'RA Jadeja', 'KD Karthik', 'V Kohli', 'SK Raina', 'A Mishra', 'Mohammed Shami', 'MM Sharma', 'JD Unadkat']",11
647247,2013-10-10,T20I,Saurashtra Cricket Association Stadium,Rajkot,Australia,1,0,1,India,field,"['RG Sharma', 'S Dhawan', 'SK Raina', 'V Kohli', 'Yuvraj Singh', 'MS Dhoni', 'RA Jadeja', 'R Ashwin', 'B Kumar', 'R Vinay Kumar', 'I Sharma']",11
647249,2013-10-13,ODI,Maharashtra Cricket Association Stadium,Pune,Australia,1,0,0,Australia,bat,"['S Dhawan', 'RG Sharma', 'V Kohli', 'SK Raina', 'Yuvraj Singh', 'MS Dhoni', 'RA Jadeja', 'R Ashwin', 'B Kumar', 'R Vinay Kumar', 'I Sharma']",11
647251,2013-10-16,ODI,Sawai Mansingh Stadium,Jaipur,Australia,1,0,1,Australia,bat,"['RG Sharma', 'S Dhawan', 'V Kohli', 'SK Raina', 'Yuvraj Singh', 'MS Dhoni', 'RA Jadeja', 'R Ashwin', 'B Kumar', 'R Vinay Kumar', 'I Sharma']",11
647253,2013-10-19,ODI,"Punjab Cricket Association Stadium, Mohali",Chandigarh,Australia,1,0,0,Australia,field,"['RG Sharma', 'S Dhawan', 'V Kohli', 'SK Raina', 'Yuvraj Singh', 'MS Dhoni', 'RA Jadeja', 'R Ashwin', 'B Kumar', 'R Vinay Kumar', 'I Sharma']",11
647255,2013-10-23,ODI,JSCA International Stadium Complex,Ranchi,Australia,1,0,-1,India,field,"['RG Sharma', 'S Dhawan', 'SK Raina', 'V Kohli', 'Yuvraj Singh', 'MS Dhoni', 'RA Jadeja', 'R Ashwin', 'R Vinay Kumar', 'Mohammed Shami', 'JD Unadkat']",11
647259,2013-10-30,ODI,"Vidarbha Cricket Association Stadium, Jamtha",Nagpur,Australia,1,0,1,India,field,"['RG Sharma', 'S Dhawan', 'V Kohli', 'SK Raina', 'Yuvraj Singh', 'MS Dhoni', 'RA Jadeja', 'R Ashwin', 'B Kumar', 'A Mishra', 'Mohammed Shami']",11
647261,2013-11-02,ODI,M Chinnaswamy Stadium,Bangalore,Australia,1,0,1,Australia,field,"['RG Sharma', 'S Dhawan', 'V Kohli', 'SK Raina', 'Yuvraj Singh', 'MS Dhoni', 'RA Jadeja', 'R Ashwin', 'B Kumar', 'R Vinay Kumar', 'Mohammed Shami']",11
676525,2013-11-06,TEST,Eden Gardens,Kolkata,West Indies,1,0,1,West Indies,bat,"['S Dhawan', 'M Vijay', 'CA Pujara', 'SR Tendulkar', 'V Kohli', 'RG Sharma', 'MS Dhoni', 'R Ashwin', 'B Kumar', 'Mohammed Shami', 'PP Ojha']",11
676527,2013-11-14,TEST,Wankhede Stadium,Mumbai,West Indies,1,0,1,India,field,"['M Vijay', 'S Dhawan', 'CA Pujara', 'SR Tendulkar', 'V Kohli', 'RG Sharma', 'MS Dhoni', 'R Ashwin', 'B Kumar', 'PP Ojha', 'Mohammed Shami']",11
676529,2013-11-21,ODI,Nehru Stadium,Kochi,West Indies,0,0,1,West Indies,bat,"['RG Sharma', 'S Dhawan', 'V Kohli', 'Yuvraj Singh', 'SK Raina', 'MS Dhoni', 'RA Jadeja', 'R Ashwin', 'B Kumar', 'Mohammed Shami', 'JD Unadkat']",11
676531,2013-11-24,ODI,Dr. Y.S. Rajasekhara Reddy ACA-VDCA Cricket Stadium,Visakhapatnam,West Indies,1,0,0,West Indies,field,"['RG Sharma', 'S Dhawan', 'V Kohli', 'Yuvraj Singh', 'SK Raina', 'MS Dhoni', 'RA Jadeja', 'R Ashwin', 'B Kumar', 'Mohammed Shami', 'MM Sharma']",11
676533,2013-11-27,ODI,Green Park,Kanpur,West Indies,1,0,1,India,field,"['RG Sharma', 'S Dhawan', 'V Kohli', 'Yuvraj Singh', 'SK Raina', 'MS Dhoni', 'RA Jadeja', 'R Ashwin', 'B Kumar', 'Mohammed Shami', 'MM Sharma']",11
648651,2013-12-05,ODI,New Wanderers Stadium,Johannesburg,South Africa,0,1,0,India,field,"['RG Sharma', 'S Dhawan', 'V Kohli', 'Yuvraj Singh', 'SK Raina', 'MS Dhoni', 'RA Jadeja', 'R Ashwin', 'B Kumar', 'MM Sharma', 'Mohammed Shami']",11
648653,2013-12-08,ODI,Kingsmead,Durban,South Africa,0,1,0,India,field,"['RG Sharma', 'S Dhawan', 'V Kohli', 'AM Rahane', 'SK Raina', 'MS Dhoni', 'RA Jadeja', 'R Ashwin', 'Mohammed Shami', 'UT Yadav', 'I Sharma']",11
648655,2013-12-11,ODI,SuperSport Park,Centurion,South Africa,0,1,-1,South Africa,bat,"['RG Sharma', 'S Dhawan', 'V Kohli', 'Yuvraj Singh', 'SK Raina', 'MS Dhoni', 'RA Jadeja', 'R Ashwin', 'I Sharma', 'Mohammed Shami', 'UT Yadav']",11
648665,2013-12-18,TEST,New Wanderers Stadium,Johannesburg,South Africa,0,1,-1,India,bat,"['M Vijay', 'S Dhawan', 'CA Pujara', 'V Kohli', 'RG Sharma', 'AM Rahane', 'MS Dhoni', 'R Ashwin', 'Z Khan', 'I Sharma', 'Mohammed Shami']",11
648667,2013-12-26,TEST,Kingsmead,Durban,South Africa,0,1,0,India,bat,"['S Dhawan', 'M Vijay', 'CA Pujara', 'V Kohli', 'RG Sharma', 'AM Rahane', 'MS Dhoni', 'RA Jadeja', 'Z Khan', 'I Sharma', 'Mohammed Shami']",11
667641,2014-01-19,ODI,McLean Park,Napier,New Zealand,0,0,0,India,field,"['RG Sharma', 'S Dhawan', 'V Kohli', 'AM Rahane', 'SK Raina', 'MS Dhoni', 'RA Jadeja', 'R Ashwin', 'B Kumar', 'I Sharma', 'Mohammed Shami']",11
667643,2014-01-22,ODI,Seddon Park,Hamilton,New Zealand,0,1,0,India,field,"['S Dhawan', 'RG Sharma', 'V Kohli', 'AM Rahane', 'MS Dhoni', 'SK Raina', 'RA Jadeja', 'R Ashwin', 'B Kumar', 'Mohammed Shami', 'I Sharma']",11
667645,2014-01-25,ODI,Eden Park,Auckland,New Zealand,0,1,-1,India,field,"['RG Sharma', 'S Dhawan', 'V Kohli', 'AM Rahane', 'SK Raina', 'MS Dhoni', 'R Ashwin', 'RA Jadeja', 'B Kumar', 'Mohammed Shami', 'VR Aaron']",11
667647,2014-01-28,ODI,Seddon Park,Hamilton,New Zealand,0,1,0,India,bat,"['RG Sharma', 'V Kohli', 'AM Rahane', 'AT Rayudu', 'MS Dhoni', 'R Ashwin', 'RA Jadeja', 'STR Binny', 'B Kumar', 'VR Aaron', 'Mohammed Shami']",11
667649,2014-01-31,ODI,Westpac Stadium,Wellington,New Zealand,0,1,0,India,field,"['RG Sharma', 'S Dhawan', 'V Kohli', 'AM Rahane', 'AT Rayudu', 'MS Dhoni', 'R Ashwin', 'RA Jadeja', 'B Kumar', 'Mohammed Shami', 'VR Aaron']",11
667651,2014-02-06,TEST,Eden Park,Auckland,New Zealand,0,1,0,India,field,"['S Dhawan', 'M Vijay', 'CA Pujara', 'V Kohli', 'RG Sharma', 'AM Rahane', 'MS Dhoni', 'RA Jadeja', 'Z Khan', 'I Sharma', 'Mohammed Shami']",11
667653,2014-02-14,TEST,Basin Reserve,Wellington,New Zealand,0,1,-1,India,field,"['S Dhawan', 'M Vijay', 'CA Pujara', 'I Sharma', 'V Kohli', 'RG Sharma', 'AM Rahane', 'MS Dhoni', 'RA Jadeja', 'Z Khan', 'Mohammed Shami']",11
710293,2014-02-26,ODI,Khan Shaheb Osman Ali Stadium,Fatullah,Bangladesh,0,0,1,India,field,"['RG Sharma', 'S Dhawan', 'V Kohli', 'AM Rahane', 'AT Rayudu', 'KD Karthik', 'RA Jadeja', 'R Ashwin', 'B Kumar', 'Mohammed Shami', 'VR Aaron']",11
710297,2014-02-28,ODI,Khan Shaheb Osman Ali Stadium,Fatullah,Sri Lanka,0,0,0,Sri Lanka,field,"['RG Sharma', 'S Dhawan', 'V Kohli', 'AM Rahane', 'AT Rayudu', 'KD Karthik', 'RA Jadeja', 'STR Binny', 'R Ashwin', 'B Kumar', 'Mohammed Shami']",11
710301,2014-03-02,ODI,Shere Bangla National Stadium,Mirpur,Pakistan,0,0,0,Pakistan,field,"['RG Sharma', 'S Dhawan', 'V Kohli', 'AM Rahane', 'AT Rayudu', 'KD Karthik', 'RA Jadeja', 'R Ashwin', 'Mohammed Shami', 'A Mishra', 'B Kumar']",11
682921,2014-03-21,T20I,Shere Bangla National Stadium,Mirpur,Pakistan,0,0,1,India,field,"['RG Sharma', 'S Dhawan', 'V Kohli', 'Yuvraj Singh', 'SK Raina', 'MS Dhoni', 'R Ashwin', 'RA Jadeja', 'A Mishra', 'B Kumar', 'Mohammed Shami']",11
682929,2014-03-23,T20I,Shere Bangla National Stadium,Mirpur,West Indies,0,0,1,India,field,"['RG Sharma', 'S Dhawan', 'V Kohli', 'Yuvraj Singh', 'SK Raina', 'MS Dhoni', 'R Ashwin', 'RA Jadeja', 'A Mishra', 'B Kumar', 'Mohammed Shami']",11
682943,2014-03-28,T20I,Shere Bangla National Stadium,Mirpur,Bangladesh,0,0,1,India,field,"['RG Sharma', 'S Dhawan', 'V Kohli', 'MS Dhoni', 'SK Raina', 'Yuvraj Singh', 'R Ashwin', 'RA Jadeja', 'A Mishra', 'B Kumar', 'Mohammed Shami']",11
682951,2014-03-30,T20I,Shere Bangla National Stadium,Mirpur,Australia,0,0,1,Australia,field,"['RG Sharma', 'AM Rahane', 'V Kohli', 'Yuvraj Singh', 'SK Raina', 'MS Dhoni', 'RA Jadeja', 'R Ashwin', 'B Kumar', 'A Mishra', 'MM Sharma']",11
682963,2014-04-04,T20I,Shere Bangla National Stadium,Mirpur,South Africa,0,0,1,South Africa,bat,"['RG Sharma', 'AM Rahane', 'V Kohli', 'Yuvraj Singh', 'SK Raina', 'MS Dhoni', 'R Ashwin', 'RA Jadeja', 'A Mishra', 'B Kumar', 'MM Sharma']",11
682965,2014-04-06,T20I,Shere Bangla National Stadium,Mirpur,Sri Lanka,0,0,0,Sri Lanka,field,"['RG Sharma', 'AM Rahane', 'V Kohli', 'Yuvraj Singh', 'MS Dhoni', 'SK Raina', 'R Ashwin', 'RA Jadeja', 'A Mishra', 'B Kumar', 'MM Sharma']",11
744679,2014-06-15,ODI,Shere Bangla National Stadium,Mirpur,Bangladesh,0,0,1,Bangladesh,bat,"['RV Uthappa', 'AM Rahane', 'CA Pujara', 'AT Rayudu', 'SK Raina', 'WP Saha', 'AR Patel', 'Parvez Rasool', 'A Mishra', 'UT Yadav', 'MM Sharma']",11
744681,2014-06-17,ODI,Shere Bangla National Stadium,Mirpur,Bangladesh,0,0,1,Bangladesh,field,"['RV Uthappa', 'AM Rahane', 'CA Pujara', 'AT Rayudu', 'SK Raina', 'WP Saha', 'STR Binny', 'AR Patel', 'A Mishra', 'MM Sharma', 'UT Yadav']",11
744683,2014-06-19,ODI,Shere Bangla National Stadium,Mirpur,Bangladesh,0,0,-1,India,bat,"['RV Uthappa', 'AM Rahane', 'CA Pujara', 'AT Rayudu', 'MK Tiwary', 'SK Raina', 'WP Saha', 'STR Binny', 'AR Patel', 'MM Sharma', 'UT Yadav']",11
667711,2014-07-09,TEST,Trent Bridge,Nottingham,England,0,1,-1,India,bat,"['M Vijay', 'S Dhawan', 'CA Pujara', 'V Kohli', 'AM Rahane', 'MS Dhoni', 'RA Jadeja', 'STR Binny', 'B Kumar', 'I Sharma', 'Mohammed Shami']",11
667713,2014-07-17,TEST,Lord's,London,England,0,1,1,England,field,"['M Vijay', 'S Dhawan', 'CA Pujara', 'V Kohli', 'AM Rahane', 'MS Dhoni', 'RA Jadeja', 'STR Binny', 'B Kumar', 'Mohammed Shami', 'I Sharma']",11
667715,2014-07-27,TEST,The Rose Bowl,Southampton,England,0,0,0,England,bat,"['M Vijay', 'S Dhawan', 'CA Pujara', 'V Kohli', 'AM Rahane', 'RG Sharma', 'MS Dhoni', 'RA Jadeja', 'B Kumar', 'Mohammed Shami', 'Pankaj Singh']",11
667717,2014-08-07,TEST,Old Trafford,Manchester,England,0,1,0,India,bat,"['M Vijay', 'G Gambhir', 'CA Pujara', 'V Kohli', 'AM Rahane', 'MS Dhoni', 'RA Jadeja', 'R Ashwin', 'B Kumar', 'VR Aaron', 'Pankaj Singh']",11
667719,2014-08-15,TEST,Kennington Oval,London,England,0,1,0,England,field,"['M Vijay', 'G Gambhir', 'CA Pujara', 'V Kohli', 'AM Rahane', 'MS Dhoni', 'STR Binny', 'R Ashwin', 'B Kumar', 'VR Aaron', 'I Sharma']",11
667723,2014-08-27,ODI,Sophia Gardens,Cardiff,England,0,0,1,England,field,"['RG Sharma', 'S Dhawan', 'V Kohli', 'AM Rahane', 'SK Raina', 'MS Dhoni', 'RA Jadeja', 'R Ashwin', 'B Kumar', 'Mohammed Shami', 'MM Sharma']",11
667725,2014-08-30,ODI,Trent Bridge,Nottingham,England,0,1,1,India,field,"['AM Rahane', 'S Dhawan', 'V Kohli', 'AT Rayudu', 'SK Raina', 'RA Jadeja', 'MS Dhoni', 'R Ashwin', 'B Kumar', 'Mohammed Shami', 'MM Sharma']",11
667727,2014-09-02,ODI,Edgbaston,Birmingham,England,0,1,1,India,field,"['AM Rahane', 'S Dhawan', 'V Kohli', 'AT Rayudu', 'SK Raina', 'MS Dhoni', 'RA Jadeja', 'R Ashwin', 'DS Kulkarni', 'B Kumar', 'Mohammed Shami']",11
667729,2014-09-05,ODI,Headingley,Leeds,England,0,1,0,India,field,"['AM Rahane', 'S Dhawan', 'V Kohli', 'AT Rayudu', 'SK Raina', 'MS Dhoni', 'RA Jadeja', 'R Ashwin', 'B Kumar', 'Mohammed Shami', 'UT Yadav']",11
667731,2014-09-07,T20I,Edgbaston,Birmingham,England,0,1,0,England,bat,"['AM Rahane', 'S Dhawan', 'V Kohli', 'SK Raina', 'MS Dhoni', 'RA Jadeja', 'AT Rayudu', 'R Ashwin', 'KV Sharma', 'MM Sharma', 'Mohammed Shami']",11
770121,2014-10-08,ODI,Nehru Stadium,Kochi,West Indies,0,0,0,India,field,"['AM Rahane', 'S Dhawan', 'V Kohli', 'AT Rayudu', 'SK Raina', 'MS Dhoni', 'RA Jadeja', 'B Kumar', 'A Mishra', 'MM Sharma', 'Mohammed Shami']",11
770123,2014-10-11,ODI,Feroz Shah Kotla,Delhi,West Indies,1,0,1,India,bat,"['AM Rahane', 'S Dhawan', 'AT Rayudu', 'V Kohli', 'SK Raina', 'MS Dhoni', 'RA Jadeja', 'B Kumar', 'Mohammed Shami', 'A Mishra', 'UT Yadav']",11
770127,2014-10-17,ODI,Himachal Pradesh Cricket Association Stadium,Dharmasala,West Indies,0,0,1,West Indies,field,"['AM Rahane', 'S Dhawan', 'V Kohli', 'SK Raina', 'MS Dhoni', 'RA Jadeja', 'AT Rayudu', 'AR Patel', 'B Kumar', 'Mohammed Shami', 'UT Yadav']",11
792289,2014-11-02,ODI,Barabati Stadium,Cuttack,Sri Lanka,1,0,1,Sri Lanka,field,"['AM Rahane', 'S Dhawan', 'SK Raina', 'V Kohli', 'AT Rayudu', 'WP Saha', 'AR Patel', 'R Ashwin', 'UT Yadav', 'VR Aaron', 'I Sharma']",11
792291,2014-11-06,ODI,"Sardar Patel Stadium, Motera",Ahmedabad,Sri Lanka,1,0,1,Sri Lanka,bat,"['AM Rahane', 'S Dhawan', 'AT Rayudu', 'V Kohli', 'SK Raina', 'RA Jadeja', 'WP Saha', 'R Ashwin', 'AR Patel', 'UT Yadav', 'I Sharma']",11
792293,2014-11-09,ODI,"Rajiv Gandhi International Stadium, Uppal",Hyderabad,Sri Lanka,1,0,1,Sri Lanka,bat,"['AM Rahane', 'S Dhawan', 'AT Rayudu', 'V Kohli', 'SK Raina', 'WP Saha', 'R Ashwin', 'UT Yadav', 'DS Kulkarni', 'I Sharma', 'AR Patel']",11
792295,2014-11-13,ODI,Eden Gardens,Kolkata,Sri Lanka,1,0,1,India,bat,"['AM Rahane', 'RG Sharma', 'AT Rayudu', 'V Kohli', 'SK Raina', 'RV Uthappa', 'STR Binny', 'AR Patel', 'KV Sharma', 'UT Yadav', 'DS Kulkarni']",11
792297,2014-11-16,ODI,JSCA International Stadium Complex,Ranchi,Sri Lanka,1,0,1,Sri Lanka,bat,"['AM Rahane', 'RG Sharma', 'AT Rayudu', 'V Kohli', 'RV Uthappa', 'KM Jadhav', 'STR Binny', 'R Ashwin', 'AR Patel', 'KV Sharma', 'DS Kulkarni']",11
754737,2014-12-09,TEST,Adelaide Oval,Unknown,Australia,0,1,0,Australia,bat,"['M Vijay', 'S Dhawan', 'CA Pujara', 'V Kohli', 'AM Rahane', 'RG Sharma', 'WP Saha', 'KV Sharma', 'Mohammed Shami', 'I Sharma', 'VR Aaron']",11
754739,2014-12-17,TEST,"Brisbane Cricket Ground, Woolloongabba",Brisbane,Australia,0,1,0,India,bat,"['M Vijay', 'S Dhawan', 'CA Pujara', 'V Kohli', 'AM Rahane', 'RG Sharma', 'MS Dhoni', 'R Ashwin', 'UT Yadav', 'VR Aaron', 'I Sharma']",11
754741,2014-12-26,TEST,Melbourne Cricket Ground,Unknown,Australia,0,1,-1,Australia,bat,"['M Vijay', 'S Dhawan', 'CA Pujara', 'V Kohli', 'AM Rahane', 'KL Rahul', 'MS Dhoni', 'R Ashwin', 'Mohammed Shami', 'UT Yadav', 'I Sharma']",11
754743,2015-01-06,TEST,Sydney Cricket Ground,Unknown,Australia,0,1,-1,Australia,bat,"['M Vijay', 'KL Rahul', 'RG Sharma', 'V Kohli', 'AM Rahane', 'SK Raina', 'WP Saha', 'R Ashwin', 'B Kumar', 'Mohammed Shami', 'UT Yadav']",11
754749,2015-01-18,ODI,Melbourne Cricket Ground,Unknown,Australia,0,1,0,India,bat,"['RG Sharma', 'S Dhawan', 'AM Rahane', 'V Kohli', 'SK Raina', 'MS Dhoni', 'AR Patel', 'R Ashwin', 'B Kumar', 'Mohammed Shami', 'UT Yadav']",11
754753,2015-01-20,ODI,"Brisbane Cricket Ground, Woolloongabba",Brisbane,England,0,1,0,India,bat,"['AM Rahane', 'S Dhawan', 'AT Rayudu', 'V Kohli', 'SK Raina', 'MS Dhoni', 'STR Binny', 'AR Patel', 'B Kumar', 'Mohammed Shami', 'UT Yadav']",11
754757,2015-01-26,ODI,Sydney Cricket Ground,Unknown,Australia,0,1,-1,Australia,field,"['AM Rahane', 'S Dhawan', 'AT Rayudu', 'V Kohli', 'SK Raina', 'MS Dhoni', 'STR Binny', 'AR Patel', 'RA Jadeja', 'Mohammed Shami', 'I Sharma']",11
754759,2015-01-30,ODI,Western Australia Cricket Association Ground,Perth,England,0,1,0,England,field,"['AM Rahane', 'S Dhawan', 'V Kohli', 'SK Raina', 'AT Rayudu', 'MS Dhoni', 'STR Binny', 'RA Jadeja', 'AR Patel', 'MM Sharma', 'Mohammed Shami']",11
656405,2015-02-15,ODI,Adelaide Oval,Unknown,Pakistan,0,1,1,India,bat,"['RG Sharma', 'S Dhawan', 'V Kohli', 'SK Raina', 'MS Dhoni', 'RA Jadeja', 'AM Rahane', 'R Ashwin', 'Mohammed Shami', 'UT Yadav', 'MM Sharma']",11
656423,2015-02-22,ODI,Melbourne Cricket Ground,Unknown,South Africa,0,1,1,India,bat,"['RG Sharma', 'S Dhawan', 'V Kohli', 'AM Rahane', 'SK Raina', 'MS Dhoni', 'RA Jadeja', 'R Ashwin', 'Mohammed Shami', 'UT Yadav', 'MM Sharma']",11
656439,2015-02-28,ODI,Western Australia Cricket Association Ground,Perth,United Arab Emirates,0,1,1,United Arab Emirates,bat,"['RG Sharma', 'S Dhawan', 'V Kohli', 'AM Rahane', 'SK Raina', 'MS Dhoni', 'RA Jadeja', 'R Ashwin', 'B Kumar', 'UT Yadav', 'MM Sharma']",11
656453,2015-03-06,ODI,Western Australia Cricket Association Ground,Perth,West Indies,0,1,1,West Indies,bat,"['RG Sharma', 'S Dhawan', 'V Kohli', 'AM Rahane', 'SK Raina', 'MS Dhoni', 'RA Jadeja', 'R Ashwin', 'MM Sharma', 'Mohammed Shami', 'UT Yadav']",11
656465,2015-03-10,ODI,Seddon Park,Hamilton,Ireland,0,1,1,Ireland,bat,"['RG Sharma', 'S Dhawan', 'V Kohli', 'AM Rahane', 'SK Raina', 'MS Dhoni', 'RA Jadeja', 'R Ashwin', 'Mohammed Shami', 'MM Sharma', 'UT Yadav']",11
656475,2015-03-14,ODI,Eden Park,Auckland,Zimbabwe,0,1,1,India,field,"['RG Sharma', 'S Dhawan', 'V Kohli', 'AM Rahane', 'SK Raina', 'MS Dhoni', 'RA Jadeja', 'R Ashwin', 'MM Sharma', 'Mohammed Shami', 'UT Yadav']",11
656485,2015-03-19,ODI,Melbourne Cricket Ground,Unknown,Bangladesh,0,1,1,India,bat,"['RG Sharma', 'S Dhawan', 'V Kohli', 'AM Rahane', 'SK Raina', 'MS Dhoni', 'RA Jadeja', 'R Ashwin', 'Mohammed Shami', 'MM Sharma', 'UT Yadav']",11
656493,2015-03-26,ODI,Sydney Cricket Ground,Unknown,Australia,0,1,0,Australia,bat,"['RG Sharma', 'S Dhawan', 'V Kohli', 'AM Rahane', 'SK Raina', 'MS Dhoni', 'RA Jadeja', 'R Ashwin', 'Mohammed Shami', 'MM Sharma', 'UT Yadav']",11
870729,2015-06-10,TEST,Khan Shaheb Osman Ali Stadium,Fatullah,Bangladesh,0,0,-1,India,bat,"['M Vijay', 'S Dhawan', 'RG Sharma', 'V Kohli', 'AM Rahane', 'WP Saha', 'R Ashwin', 'Harbhajan Singh', 'UT Yadav', 'I Sharma', 'VR Aaron']",11
870731,2015-06-18,ODI,Shere Bangla National Stadium,Mirpur,Bangladesh,0,0,0,Bangladesh,bat,"['RG Sharma', 'S Dhawan', 'V Kohli', 'AM Rahane', 'SK Raina', 'MS Dhoni', 'RA Jadeja', 'R Ashwin', 'B Kumar', 'MM Sharma', 'UT Yadav']",11
870733,2015-06-21,ODI,Shere Bangla National Stadium,Mirpur,Bangladesh,0,0,0,India,bat,"['RG Sharma', 'S Dhawan', 'V Kohli', 'MS Dhoni', 'AT Rayudu', 'SK Raina', 'RA Jadeja', 'AR Patel', 'R Ashwin', 'B Kumar', 'DS Kulkarni']",11
870735,2015-06-24,ODI,Shere Bangla National Stadium,Mirpur,Bangladesh,0,0,1,Bangladesh,field,"['RG Sharma', 'S Dhawan', 'V Kohli', 'MS Dhoni', 'AT Rayudu', 'SK Raina', 'STR Binny', 'AR Patel', 'R Ashwin', 'DS Kulkarni', 'UT Yadav']",11
885959,2015-07-10,ODI,Harare Sports Club,Unknown,Zimbabwe,0,0,1,Zimbabwe,field,"['AM Rahane', 'M Vijay', 'AT Rayudu', 'MK Tiwary', 'RV Uthappa', 'KM Jadhav', 'STR Binny', 'AR Patel', 'Harbhajan Singh', 'B Kumar', 'DS Kulkarni']",11
885965,2015-07-12,ODI,Harare Sports Club,Unknown,Zimbabwe,0,0,1,Zimbabwe,field,"['AM Rahane', 'M Vijay', 'AT Rayudu', 'MK Tiwary', 'RV Uthappa', 'STR Binny', 'KM Jadhav', 'Harbhajan Singh', 'AR Patel', 'B Kumar', 'DS Kulkarni']",11
885967,2015-07-14,ODI,Harare Sports Club,Unknown,Zimbabwe,0,0,1,Zimbabwe,field,"['AM Rahane', 'M Vijay', 'RV Uthappa', 'MK Tiwary', 'MK Pandey', 'KM Jadhav', 'STR Binny', 'Harbhajan Singh', 'AR Patel', 'B Kumar', 'MM Sharma']",11
885969,2015-07-17,T20I,Harare Sports Club,Unknown,Zimbabwe,0,0,1,India,bat,"['AM Rahane', 'M Vijay', 'RV Uthappa', 'MK Pandey', 'KM Jadhav', 'STR Binny', 'Harbhajan Singh', 'AR Patel', 'B Kumar', 'MM Sharma', 'Sandeep Sharma']",11
885971,2015-07-19,T20I,Harare Sports Club,Unknown,Zimbabwe,0,0,0,Zimbabwe,bat,"['AM Rahane', 'M Vijay', 'RV Uthappa', 'MK Pandey', 'KM Jadhav', 'STR Binny', 'SV Samson', 'AR Patel', 'B Kumar', 'MM Sharma', 'Sandeep Sharma']",11
895773,2015-08-12,TEST,Galle International Stadium,Unknown,Sri Lanka,0,0,0,Sri Lanka,bat,"['KL Rahul', 'S Dhawan', 'RG Sharma', 'V Kohli', 'AM Rahane', 'WP Saha', 'R Ashwin', 'Harbhajan Singh', 'A Mishra', 'I Sharma', 'VR Aaron']",11
895775,2015-08-20,TEST,P Sara Oval,Colombo,Sri Lanka,0,1,1,India,bat,"['M Vijay', 'KL Rahul', 'AM Rahane', 'V Kohli', 'RG Sharma', 'STR Binny', 'WP Saha', 'R Ashwin', 'A Mishra', 'I Sharma', 'UT Yadav']",11
895777,2015-08-28,TEST,Sinhalese Sports Club Ground,Colombo,Sri Lanka,0,0,1,Sri Lanka,field,"['KL Rahul', 'CA Pujara', 'AM Rahane', 'V Kohli', 'RG Sharma', 'STR Binny', 'NV Ojha', 'R Ashwin', 'A Mishra', 'I Sharma', 'UT Yadav']",11
903587,2015-10-02,T20I,Himachal Pradesh Cricket Association Stadium,Dharmasala,South Africa,0,0,0,South Africa,field,"['RG Sharma', 'S Dhawan', 'V Kohli', 'SK Raina', 'MS Dhoni', 'AT Rayudu', 'AR Patel', 'R Ashwin', 'B Kumar', 'MM Sharma', 'S Aravind']",11
903589,2015-10-05,T20I,Barabati Stadium,Cuttack,South Africa,1,0,0,South Africa,field,"['RG Sharma', 'S Dhawan', 'V Kohli', 'SK Raina', 'AT Rayudu', 'MS Dhoni', 'AR Patel', 'Harbhajan Singh', 'R Ashwin', 'B Kumar', 'MM Sharma']",11
903593,2015-10-11,ODI,Green Park,Kanpur,South Africa,1,0,0,South Africa,bat,"['RG Sharma', 'S Dhawan', 'AM Rahane', 'V Kohli', 'MS Dhoni', 'SK Raina', 'STR Binny', 'B Kumar', 'A Mishra', 'R Ashwin', 'UT Yadav']",11
903595,2015-10-14,ODI,Holkar Cricket Stadium,Indore,South Africa,1,0,1,India,bat,"['RG Sharma', 'S Dhawan', 'AM Rahane', 'V Kohli', 'MS Dhoni', 'SK Raina', 'AR Patel', 'B Kumar', 'Harbhajan Singh', 'UT Yadav', 'MM Sharma']",11
903597,2015-10-18,ODI,Saurashtra Cricket Association Stadium,Rajkot,South Africa,1,0,0,South Africa,bat,"['RG Sharma', 'S Dhawan', 'V Kohli', 'MS Dhoni', 'SK Raina', 'AM Rahane', 'AR Patel', 'Harbhajan Singh', 'B Kumar', 'MM Sharma', 'A Mishra']",11
903599,2015-10-22,ODI,"MA Chidambaram Stadium, Chepauk",Chennai,South Africa,1,0,1,India,bat,"['RG Sharma', 'S Dhawan', 'V Kohli', 'AM Rahane', 'SK Raina', 'MS Dhoni', 'Harbhajan Singh', 'AR Patel', 'B Kumar', 'MM Sharma', 'A Mishra']",11
903601,2015-10-25,ODI,Wankhede Stadium,Mumbai,South Africa,1,0,0,South Africa,bat,"['RG Sharma', 'S Dhawan', 'V Kohli', 'AM Rahane', 'SK Raina', 'MS Dhoni', 'AR Patel', 'Harbhajan Singh', 'B Kumar', 'A Mishra', 'MM Sharma']",11
903603,2015-11-05,TEST,"Punjab Cricket Association Stadium, Mohali",Chandigarh,South Africa,1,0,1,India,bat,"['M Vijay', 'S Dhawan', 'CA Pujara', 'V Kohli', 'AM Rahane', 'WP Saha', 'RA Jadeja', 'A Mishra', 'R Ashwin', 'UT Yadav', 'VR Aaron']",11
903605,2015-11-14,TEST,M Chinnaswamy Stadium,Bangalore,South Africa,1,0,-1,India,field,"['M Vijay', 'S Dhawan', 'CA Pujara', 'V Kohli', 'AM Rahane', 'WP Saha', 'RA Jadeja', 'STR Binny', 'R Ashwin', 'I Sharma', 'VR Aaron']",11
903607,2015-11-25,TEST,"Vidarbha Cricket Association Stadium, Jamtha",Nagpur,South Africa,1,0,1,India,bat,"['M Vijay', 'S Dhawan', 'CA Pujara', 'V Kohli', 'AM Rahane', 'RG Sharma', 'WP Saha', 'RA Jadeja', 'R Ashwin', 'A Mishra', 'I Sharma']",11
903609,2015-12-03,TEST,Feroz Shah Kotla,Delhi,South Africa,1,0,1,India,bat,"['M Vijay', 'S Dhawan', 'CA Pujara', 'V Kohli', 'AM Rahane', 'RG Sharma', 'WP Saha', 'RA Jadeja', 'R Ashwin', 'UT Yadav', 'I Sharma']",11
895807,2016-01-12,ODI,Western Australia Cricket Association Ground,Perth,Australia,0,1,0,India,bat,"['RG Sharma', 'S Dhawan', 'V Kohli', 'MS Dhoni', 'RA Jadeja', 'AM Rahane', 'MK Pandey', 'R Ashwin', 'UT Yadav', 'B Kumar', 'BB Sran']",11
895809,2016-01-15,ODI,"Brisbane Cricket Ground, Woolloongabba",Brisbane,Australia,0,1,0,India,bat,"['RG Sharma', 'S Dhawan', 'V Kohli', 'AM Rahane', 'MS Dhoni', 'MK Pandey', 'RA Jadeja', 'R Ashwin', 'UT Yadav', 'I Sharma', 'BB Sran']",11
895811,2016-01-17,ODI,Melbourne Cricket Ground,Unknown,Australia,0,1,0,Australia,field,"['RG Sharma', 'S Dhawan', 'V Kohli', 'AM Rahane', 'MS Dhoni', 'Gurkeerat Singh', 'RA Jadeja', 'R Dhawan', 'I Sharma', 'UT Yadav', 'BB Sran']",11
895813,2016-01-20,ODI,Manuka Oval,Canberra,Australia,0,1,0,Australia,bat,"['RG Sharma', 'S Dhawan', 'V Kohli', 'MS Dhoni', 'Gurkeerat Singh', 'RA Jadeja', 'AM Rahane', 'R Dhawan', 'B Kumar', 'UT Yadav', 'I Sharma']",11
895815,2016-01-23,ODI,Sydney Cricket Ground,Unknown,Australia,0,1,1,India,field,"['RG Sharma', 'S Dhawan', 'V Kohli', 'MK Pandey', 'MS Dhoni', 'Gurkeerat Singh', 'RA Jadeja', 'R Dhawan', 'JJ Bumrah', 'UT Yadav', 'I Sharma']",11
895817,2016-01-26,T20I,Adelaide Oval,Unknown,Australia,0,1,1,Australia,field,"['RG Sharma', 'S Dhawan', 'V Kohli', 'SK Raina', 'MS Dhoni', 'Yuvraj Singh', 'HH Pandya', 'RA Jadeja', 'R Ashwin', 'JJ Bumrah', 'A Nehra']",11
895819,2016-01-29,T20I,Melbourne Cricket Ground,Unknown,Australia,0,1,1,Australia,field,"['RG Sharma', 'S Dhawan', 'V Kohli', 'MS Dhoni', 'SK Raina', 'Yuvraj Singh', 'HH Pandya', 'RA Jadeja', 'R Ashwin', 'JJ Bumrah', 'A Nehra']",11
895821,2016-01-31,T20I,Sydney Cricket Ground,Unknown,Australia,0,1,1,Australia,bat,"['RG Sharma', 'S Dhawan', 'V Kohli', 'SK Raina', 'Yuvraj Singh', 'MS Dhoni', 'HH Pandya', 'RA Jadeja', 'R Ashwin', 'JJ Bumrah', 'A Nehra']",11
963697,2016-02-09,T20I,Maharashtra Cricket Association Stadium,Pune,Sri Lanka,1,0,0,Sri Lanka,field,"['RG Sharma', 'S Dhawan', 'AM Rahane', 'SK Raina', 'Yuvraj Singh', 'MS Dhoni', 'HH Pandya', 'RA Jadeja', 'R Ashwin', 'A Nehra', 'JJ Bumrah']",11
963699,2016-02-12,T20I,JSCA International Stadium Complex,Ranchi,Sri Lanka,1,0,1,Sri Lanka,field,"['RG Sharma', 'S Dhawan', 'AM Rahane', 'SK Raina', 'HH Pandya', 'MS Dhoni', 'Yuvraj Singh', 'RA Jadeja', 'R Ashwin', 'JJ Bumrah', 'A Nehra']",11
963701,2016-02-14,T20I,Dr. Y.S. Rajasekhara Reddy ACA-VDCA Cricket Stadium,Visakhapatnam,Sri Lanka,1,0,1,India,field,"['RG Sharma', 'S Dhawan', 'AM Rahane', 'SK Raina', 'Yuvraj Singh', 'MS Dhoni', 'HH Pandya', 'RA Jadeja', 'R Ashwin', 'JJ Bumrah', 'A Nehra']",11
966745,2016-02-24,T20I,Shere Bangla National Stadium,Dhaka,Bangladesh,0,0,1,Bangladesh,field,"['RG Sharma', 'S Dhawan', 'V Kohli', 'SK Raina', 'Yuvraj Singh', 'HH Pandya', 'MS Dhoni', 'RA Jadeja', 'R Ashwin', 'JJ Bumrah', 'A Nehra']",11
966751,2016-02-27,T20I,Shere Bangla National Stadium,Mirpur,Pakistan,0,0,1,India,field,"['RG Sharma', 'AM Rahane', 'V Kohli', 'SK Raina', 'Yuvraj Singh', 'HH Pandya', 'MS Dhoni', 'RA Jadeja', 'R Ashwin', 'JJ Bumrah', 'A Nehra']",11
966757,2016-03-01,T20I,Shere Bangla National Stadium,Mirpur,Sri Lanka,0,0,1,India,field,"['S Dhawan', 'RG Sharma', 'V Kohli', 'SK Raina', 'Yuvraj Singh', 'HH Pandya', 'MS Dhoni', 'RA Jadeja', 'R Ashwin', 'JJ Bumrah', 'A Nehra']",11
966761,2016-03-03,T20I,Shere Bangla National Stadium,Mirpur,United Arab Emirates,0,0,1,United Arab Emirates,bat,"['RG Sharma', 'S Dhawan', 'Yuvraj Singh', 'V Kohli', 'SK Raina', 'HH Pandya', 'MS Dhoni', 'P Negi', 'Harbhajan Singh', 'B Kumar', 'JJ Bumrah']",11
966765,2016-03-06,T20I,Shere Bangla National Stadium,Mirpur,Bangladesh,0,0,1,India,field,"['RG Sharma', 'S Dhawan', 'V Kohli', 'MS Dhoni', 'SK Raina', 'Yuvraj Singh', 'HH Pandya', 'RA Jadeja', 'R Ashwin', 'JJ Bumrah', 'A Nehra']",11
951329,2016-03-15,T20I,"Vidarbha Cricket Association Stadium, Jamtha",Nagpur,New Zealand,1,0,0,New Zealand,bat,"['RG Sharma', 'S Dhawan', 'V Kohli', 'SK Raina', 'Yuvraj Singh', 'MS Dhoni', 'HH Pandya', 'RA Jadeja', 'R Ashwin', 'A Nehra', 'JJ Bumrah']",11
951341,2016-03-19,T20I,Eden Gardens,Kolkata,Pakistan,1,0,1,India,field,"['RG Sharma', 'S Dhawan', 'V Kohli', 'SK Raina', 'Yuvraj Singh', 'MS Dhoni', 'HH Pandya', 'RA Jadeja', 'R Ashwin', 'JJ Bumrah', 'A Nehra']",11
951353,2016-03-23,T20I,M Chinnaswamy Stadium,Bangalore,Bangladesh,1,0,1,Bangladesh,field,"['RG Sharma', 'S Dhawan', 'V Kohli', 'SK Raina', 'HH Pandya', 'MS Dhoni', 'Yuvraj Singh', 'RA Jadeja', 'R Ashwin', 'A Nehra', 'JJ Bumrah']",11
951363,2016-03-27,T20I,"Punjab Cricket Association IS Bindra Stadium, Mohali",Chandigarh,Australia,1,0,1,Australia,bat,"['RG Sharma', 'S Dhawan', 'V Kohli', 'SK Raina', 'Yuvraj Singh', 'MS Dhoni', 'HH Pandya', 'RA Jadeja', 'R Ashwin', 'A Nehra', 'JJ Bumrah']",11
951371,2016-03-31,T20I,Wankhede Stadium,Mumbai,West Indies,1,0,0,West Indies,field,"['RG Sharma', 'AM Rahane', 'V Kohli', 'MS Dhoni', 'SK Raina', 'MK Pandey', 'HH Pandya', 'RA Jadeja', 'R Ashwin', 'JJ Bumrah', 'A Nehra']",11
1007649,2016-06-11,ODI,Harare Sports Club,Unknown,Zimbabwe,0,0,1,India,field,"['KL Rahul', 'KK Nair', 'AT Rayudu', 'MK Pandey', 'KM Jadhav', 'MS Dhoni', 'AR Patel', 'DS Kulkarni', 'JJ Bumrah', 'BB Sran', 'YS Chahal']",11
1007651,2016-06-13,ODI,Harare Sports Club,Unknown,Zimbabwe,0,0,1,India,field,"['KL Rahul', 'KK Nair', 'AT Rayudu', 'MK Pandey', 'KM Jadhav', 'MS Dhoni', 'AR Patel', 'DS Kulkarni', 'JJ Bumrah', 'BB Sran', 'YS Chahal']",11
1007653,2016-06-15,ODI,Harare Sports Club,Unknown,Zimbabwe,0,0,1,Zimbabwe,bat,"['KL Rahul', 'FY Fazal', 'MK Pandey', 'AT Rayudu', 'KM Jadhav', 'MS Dhoni', 'AR Patel', 'DS Kulkarni', 'JJ Bumrah', 'BB Sran', 'YS Chahal']",11
1007655,2016-06-18,T20I,Harare Sports Club,Unknown,Zimbabwe,0,0,0,India,field,"['KL Rahul', 'Mandeep Singh', 'AT Rayudu', 'MK Pandey', 'KM Jadhav', 'MS Dhoni', 'AR Patel', 'R Dhawan', 'JJ Bumrah', 'JD Unadkat', 'YS Chahal']",11
1007657,2016-06-20,T20I,Harare Sports Club,Unknown,Zimbabwe,0,0,1,Zimbabwe,bat,"['KL Rahul', 'Mandeep Singh', 'AT Rayudu', 'MK Pandey', 'KM Jadhav', 'MS Dhoni', 'AR Patel', 'DS Kulkarni', 'JJ Bumrah', 'BB Sran', 'YS Chahal']",11
1007659,2016-06-22,T20I,Harare Sports Club,Unknown,Zimbabwe,0,0,1,Zimbabwe,field,"['KL Rahul', 'Mandeep Singh', 'AT Rayudu', 'MK Pandey', 'KM Jadhav', 'MS Dhoni', 'AR Patel', 'DS Kulkarni', 'JJ Bumrah', 'BB Sran', 'YS Chahal']",11
1022593,2016-07-21,TEST,"Sir Vivian Richards Stadium, North Sound",Antigua,West Indies,0,0,1,India,bat,"['M Vijay', 'S Dhawan', 'CA Pujara', 'V Kohli', 'AM Rahane', 'R Ashwin', 'WP Saha', 'A Mishra', 'Mohammed Shami', 'I Sharma', 'UT Yadav']",11
1022595,2016-07-30,TEST,"Sabina Park, Kingston",Jamaica,West Indies,0,0,-1,West Indies,bat,"['KL Rahul', 'S Dhawan', 'CA Pujara', 'V Kohli', 'AM Rahane', 'R Ashwin', 'WP Saha', 'A Mishra', 'Mohammed Shami', 'UT Yadav', 'I Sharma']",11
1022597,2016-08-09,TEST,"Darren Sammy National Cricket Stadium, Gros Islet",St Lucia,West Indies,0,0,1,West Indies,field,"['KL Rahul', 'S Dhawan', 'V Kohli', 'AM Rahane', 'RG Sharma', 'R Ashwin', 'WP Saha', 'RA Jadeja', 'B Kumar', 'Mohammed Shami', 'I Sharma']",11
1022599,2016-08-18,TEST,"Queen's Park Oval, Port of Spain",Trinidad,West Indies,0,1,-1,West Indies,bat,"['M Vijay', 'KL Rahul', 'V Kohli', 'AM Rahane', 'RG Sharma', 'R Ashwin', 'WP Saha', 'CA Pujara', 'B Kumar', 'Mohammed Shami', 'I Sharma']",11
1041615,2016-08-27,T20I,Central Broward Regional Park Stadium Turf Ground,Lauderhill,West Indies,0,0,0,India,field,"['RG Sharma', 'AM Rahane', 'V Kohli', 'KL Rahul', 'MS Dhoni', 'STR Binny', 'R Ashwin', 'RA Jadeja', 'Mohammed Shami', 'JJ Bumrah', 'B Kumar']",11
1041617,2016-08-28,T20I,Central Broward Regional Park Stadium Turf Ground,Lauderhill,West Indies,0,0,-1,India,field,"['RG Sharma', 'AM Rahane', 'V Kohli', 'KL Rahul', 'MS Dhoni', 'RA Jadeja', 'R Ashwin', 'B Kumar', 'A Mishra', 'Mohammed Shami', 'JJ Bumrah']",11
1030213,2016-09-22,TEST,Green Park,Kanpur,New Zealand,1,0,1,India,bat,"['KL Rahul', 'M Vijay', 'CA Pujara', 'V Kohli', 'AM Rahane', 'RG Sharma', 'R Ashwin', 'WP Saha', 'RA Jadeja', 'Mohammed Shami', 'UT Yadav']",11
1030215,2016-09-30,TEST,Eden Gardens,Kolkata,New Zealand,1,0,1,India,bat,"['S Dhawan', 'M Vijay', 'CA Pujara', 'V Kohli', 'AM Rahane', 'RG Sharma', 'R Ashwin', 'WP Saha', 'RA Jadeja', 'B Kumar', 'Mohammed Shami']",11
1030217,2016-10-08,TEST,Holkar Cricket Stadium,Indore,New Zealand,1,0,1,India,bat,"['M Vijay', 'G Gambhir', 'CA Pujara', 'V Kohli', 'AM Rahane', 'RG Sharma', 'RA Jadeja', 'R Ashwin', 'WP Saha', 'Mohammed Shami', 'UT Yadav']",11
1030219,2016-10-16,ODI,Himachal Pradesh Cricket Association Stadium,Dharmasala,New Zealand,0,0,1,India,field,"['RG Sharma', 'AM Rahane', 'V Kohli', 'MK Pandey', 'MS Dhoni', 'KM Jadhav', 'HH Pandya', 'AR Patel', 'A Mishra', 'JJ Bumrah', 'UT Yadav']",11
1030221,2016-10-20,ODI,Feroz Shah Kotla,Delhi,New Zealand,1,0,0,India,field,"['RG Sharma', 'AM Rahane', 'V Kohli', 'MK Pandey', 'MS Dhoni', 'KM Jadhav', 'AR Patel', 'HH Pandya', 'A Mishra', 'UT Yadav', 'JJ Bumrah']",11
1030223,2016-10-23,ODI,"Punjab Cricket Association Stadium, Mohali",Chandigarh,New Zealand,1,0,1,India,field,"['RG Sharma', 'AM Rahane', 'V Kohli', 'MS Dhoni', 'MK Pandey', 'KM Jadhav', 'AR Patel', 'HH Pandya', 'A Mishra', 'UT Yadav', 'JJ Bumrah']",11
1030225,2016-10-26,ODI,JSCA International Stadium Complex,Ranchi,New Zealand,1,0,0,New Zealand,bat,"['AM Rahane', 'RG Sharma', 'V Kohli', 'MS Dhoni', 'AR Patel', 'MK Pandey', 'KM Jadhav', 'HH Pandya', 'A Mishra', 'DS Kulkarni', 'UT Yadav']",11
1030227,2016-10-29,ODI,Dr. Y.S. Rajasekhara Reddy ACA-VDCA Cricket Stadium,Visakhapatnam,New Zealand,1,0,1,India,bat,"['AM Rahane', 'RG Sharma', 'V Kohli', 'MS Dhoni', 'MK Pandey', 'KM Jadhav', 'AR Patel', 'J Yadav', 'A Mishra', 'UT Yadav', 'JJ Bumrah']",11
1034809,2016-11-09,TEST,Saurashtra Cricket Association Stadium,Rajkot,England,1,0,-1,England,bat,"['M Vijay', 'G Gambhir', 'CA Pujara', 'V Kohli', 'A Mishra', 'AM Rahane', 'R Ashwin', 'WP Saha', 'RA Jadeja', 'UT Yadav', 'Mohammed Shami']",11
1034811,2016-11-17,TEST,Dr. Y.S. Rajasekhara Reddy ACA-VDCA Cricket Stadium,Visakhapatnam,England,1,0,1,India,bat,"['M Vijay', 'KL Rahul', 'CA Pujara', 'V Kohli', 'AM Rahane', 'R Ashwin', 'WP Saha', 'RA Jadeja', 'J Yadav', 'UT Yadav', 'Mohammed Shami']",11
1034813,2016-11-26,TEST,"Punjab Cricket Association IS Bindra Stadium, Mohali",Chandigarh,England,1,0,1,England,bat,"['M Vijay', 'PA Patel', 'CA Pujara', 'V Kohli', 'AM Rahane', 'KK Nair', 'R Ashwin', 'RA Jadeja', 'J Yadav', 'UT Yadav', 'Mohammed Shami']",11
1034815,2016-12-08,TEST,Wankhede Stadium,Mumbai,England,1,0,1,England,bat,"['KL Rahul', 'M Vijay', 'CA Pujara', 'V Kohli', 'KK Nair', 'PA Patel', 'R Ashwin', 'RA Jadeja', 'J Yadav', 'B Kumar', 'UT Yadav']",11
1034817,2016-12-16,TEST,"MA Chidambaram Stadium, Chepauk",Chennai,England,1,0,1,England,bat,"['KL Rahul', 'PA Patel', 'CA Pujara', 'V Kohli', 'KK Nair', 'M Vijay', 'R Ashwin', 'RA Jadeja', 'UT Yadav', 'A Mishra', 'I Sharma']",11
1034819,2017-01-15,ODI,Maharashtra Cricket Association Stadium,Pune,England,1,0,1,India,field,"['KL Rahul', 'S Dhawan', 'V Kohli', 'Yuvraj Singh', 'MS Dhoni', 'KM Jadhav', 'HH Pandya', 'RA Jadeja', 'R Ashwin', 'JJ Bumrah', 'UT Yadav']",11
1034821,2017-01-19,ODI,Barabati Stadium,Cuttack,England,1,0,1,England,field,"['KL Rahul', 'S Dhawan', 'V Kohli', 'Yuvraj Singh', 'MS Dhoni', 'KM Jadhav', 'HH Pandya', 'RA Jadeja', 'R Ashwin', 'JJ Bumrah', 'B Kumar']",11
1034823,2017-01-22,ODI,Eden Gardens,Kolkata,England,1,0,0,India,field,"['AM Rahane', 'KL Rahul', 'V Kohli', 'Yuvraj Singh', 'MS Dhoni', 'KM Jadhav', 'HH Pandya', 'RA Jadeja', 'R Ashwin', 'B Kumar', 'JJ Bumrah']",11
1034825,2017-01-26,T20I,Green Park,Kanpur,England,1,0,0,England,field,"['V Kohli', 'KL Rahul', 'SK Raina', 'Yuvraj Singh', 'MS Dhoni', 'MK Pandey', 'HH Pandya', 'Parvez Rasool', 'JJ Bumrah', 'A Nehra', 'YS Chahal']",11
1034827,2017-01-29,T20I,"Vidarbha Cricket Association Stadium, Jamtha",Nagpur,England,1,0,1,England,field,"['V Kohli', 'KL Rahul', 'SK Raina', 'Yuvraj Singh', 'MK Pandey', 'MS Dhoni', 'HH Pandya', 'A Mishra', 'JJ Bumrah', 'A Nehra', 'YS Chahal']",11
1034829,2017-02-01,T20I,M Chinnaswamy Stadium,Bangalore,England,1,0,1,England,field,"['V Kohli', 'KL Rahul', 'SK Raina', 'MS Dhoni', 'Yuvraj Singh', 'RR Pant', 'HH Pandya', 'A Mishra', 'JJ Bumrah', 'A Nehra', 'YS Chahal']",11
1041761,2017-02-09,TEST,"Rajiv Gandhi International Stadium, Uppal",Hyderabad,Bangladesh,1,0,1,India,bat,"['KL Rahul', 'M Vijay', 'CA Pujara', 'V Kohli', 'AM Rahane', 'WP Saha', 'R Ashwin', 'RA Jadeja', 'B Kumar', 'UT Yadav', 'I Sharma']",11
1062573,2017-02-23,TEST,Maharashtra Cricket Association Stadium,Pune,Australia,1,0,0,Australia,bat,"['M Vijay', 'KL Rahul', 'CA Pujara', 'V Kohli', 'AM Rahane', 'R Ashwin', 'WP Saha', 'RA Jadeja', 'J Yadav', 'UT Yadav', 'I Sharma']",11
1062574,2017-03-04,TEST,M Chinnaswamy Stadium,Bengaluru,Australia,1,0,1,India,bat,"['KL Rahul', 'A Mukund', 'CA Pujara', 'V Kohli', 'AM Rahane', 'KK Nair', 'R Ashwin', 'WP Saha', 'RA Jadeja', 'UT Yadav', 'I Sharma']",11
1062575,2017-03-16,TEST,JSCA International Stadium Complex,Ranchi,Australia,1,0,-1,Australia,bat,"['KL Rahul', 'M Vijay', 'CA Pujara', 'V Kohli', 'AM Rahane', 'KK Nair', 'R Ashwin', 'WP Saha', 'RA Jadeja', 'UT Yadav', 'I Sharma']",11
1062576,2017-03-25,TEST,Himachal Pradesh Cricket Association Stadium,Dharamsala,Australia,1,0,1,Australia,bat,"['KL Rahul', 'M Vijay', 'CA Pujara', 'AM Rahane', 'KK Nair', 'R Ashwin', 'WP Saha', 'RA Jadeja', 'B Kumar', 'Kuldeep Yadav', 'UT Yadav']",11
1022353,2017-06-04,ODI,Edgbaston,Birmingham,Pakistan,0,1,1,Pakistan,field,"['RG Sharma', 'S Dhawan', 'V Kohli', 'Yuvraj Singh', 'HH Pandya', 'MS Dhoni', 'KM Jadhav', 'RA Jadeja', 'B Kumar', 'UT Yadav', 'JJ Bumrah']",11
1022361,2017-06-08,ODI,Kennington Oval,London,Sri Lanka,0,1,0,Sri Lanka,field,"['RG Sharma', 'S Dhawan', 'V Kohli', 'Yuvraj Singh', 'MS Dhoni', 'HH Pandya', 'KM Jadhav', 'RA Jadeja', 'B Kumar', 'UT Yadav', 'JJ Bumrah']",11
1022367,2017-06-11,ODI,Kennington Oval,London,South Africa,0,1,1,India,field,"['RG Sharma', 'S Dhawan', 'V Kohli', 'Yuvraj Singh', 'MS Dhoni', 'HH Pandya', 'KM Jadhav', 'RA Jadeja', 'B Kumar', 'R Ashwin', 'JJ Bumrah']",11
1022373,2017-06-15,ODI,Edgbaston,Birmingham,Bangladesh,0,1,1,India,field,"['RG Sharma', 'S Dhawan', 'V Kohli', 'Yuvraj Singh', 'MS Dhoni', 'KM Jadhav', 'HH Pandya', 'RA Jadeja', 'R Ashwin', 'B Kumar', 'JJ Bumrah']",11
1022375,2017-06-18,ODI,Kennington Oval,London,Pakistan,0,1,0,India,field,"['RG Sharma', 'S Dhawan', 'V Kohli', 'Yuvraj Singh', 'MS Dhoni', 'KM Jadhav', 'HH Pandya', 'RA Jadeja', 'R Ashwin', 'B Kumar', 'JJ Bumrah']",11
1098206,2017-06-23,ODI,"Queen's Park Oval, Port of Spain",Trinidad,West Indies,0,1,-1,West Indies,field,"['AM Rahane', 'S Dhawan', 'V Kohli', 'Yuvraj Singh', 'MS Dhoni', 'KM Jadhav', 'HH Pandya', 'R Ashwin', 'Kuldeep Yadav', 'B Kumar', 'UT Yadav']",11
1098207,2017-06-25,ODI,"Queen's Park Oval, Port of Spain",Trinidad,West Indies,0,1,1,West Indies,field,"['AM Rahane', 'S Dhawan', 'V Kohli', 'HH Pandya', 'Yuvraj Singh', 'MS Dhoni', 'KM Jadhav', 'R Ashwin', 'Kuldeep Yadav', 'B Kumar', 'UT Yadav']",11
1098208,2017-06-30,ODI,"Sir Vivian Richards Stadium, North Sound",Antigua,West Indies,0,0,1,West Indies,field,"['AM Rahane', 'S Dhawan', 'V Kohli', 'Yuvraj Singh', 'MS Dhoni', 'KM Jadhav', 'HH Pandya', 'R Ashwin', 'Kuldeep Yadav', 'B Kumar', 'UT Yadav']",11
1098209,2017-07-02,ODI,"Sir Vivian Richards Stadium, North Sound",Antigua,West Indies,0,0,0,West Indies,bat,"['AM Rahane', 'S Dhawan', 'V Kohli', 'KD Karthik', 'MS Dhoni', 'KM Jadhav', 'HH Pandya', 'RA Jadeja', 'Kuldeep Yadav', 'UT Yadav', 'Mohammed Shami']",11
1098210,2017-07-06,ODI,"Sabina Park, Kingston",Jamaica,West Indies,0,0,1,West Indies,bat,"['AM Rahane', 'S Dhawan', 'V Kohli', 'KD Karthik', 'MS Dhoni', 'KM Jadhav', 'HH Pandya', 'RA Jadeja', 'Kuldeep Yadav', 'UT Yadav', 'Mohammed Shami']",11
1098211,2017-07-09,T20I,"Sabina Park, Kingston",Jamaica,West Indies,0,0,0,West Indies,field,"['V Kohli', 'S Dhawan', 'RR Pant', 'KD Karthik', 'MS Dhoni', 'KM Jadhav', 'RA Jadeja', 'R Ashwin', 'Kuldeep Yadav', 'Mohammed Shami', 'B Kumar']",11
1109602,2017-07-26,TEST,Galle International Stadium,Unknown,Sri Lanka,0,0,1,India,bat,"['S Dhawan', 'A Mukund', 'CA Pujara', 'V Kohli', 'AM Rahane', 'HH Pandya', 'WP Saha', 'R Ashwin', 'RA Jadeja', 'UT Yadav', 'Mohammed Shami']",11
1109603,2017-08-03,TEST,Sinhalese Sports Club Ground,Colombo,Sri Lanka,0,0,1,India,bat,"['S Dhawan', 'KL Rahul', 'CA Pujara', 'V Kohli', 'AM Rahane', 'R Ashwin', 'WP Saha', 'HH Pandya', 'RA Jadeja', 'Mohammed Shami', 'UT Yadav']",11
1109604,2017-08-12,TEST,Pallekele International Cricket Stadium,Unknown,Sri Lanka,0,0,1,India,bat,"['S Dhawan', 'KL Rahul', 'CA Pujara', 'V Kohli', 'AM Rahane', 'R Ashwin', 'WP Saha', 'HH Pandya', 'Kuldeep Yadav', 'Mohammed Shami', 'UT Yadav']",11
1109605,2017-08-20,ODI,Rangiri Dambulla International Stadium,Unknown,Sri Lanka,0,0,1,India,field,"['RG Sharma', 'S Dhawan', 'V Kohli', 'KL Rahul', 'MS Dhoni', 'KM Jadhav', 'HH Pandya', 'AR Patel', 'B Kumar', 'JJ Bumrah', 'YS Chahal']",11
1109606,2017-08-24,ODI,Pallekele International Cricket Stadium,Unknown,Sri Lanka,0,0,1,India,field,"['RG Sharma', 'S Dhawan', 'KL Rahul', 'KM Jadhav', 'V Kohli', 'MS Dhoni', 'HH Pandya', 'AR Patel', 'B Kumar', 'JJ Bumrah', 'YS Chahal']",11
1109607,2017-08-27,ODI,Pallekele International Cricket Stadium,Unknown,Sri Lanka,0,0,1,Sri Lanka,bat,"['RG Sharma', 'S Dhawan', 'V Kohli', 'KL Rahul', 'KM Jadhav', 'MS Dhoni', 'HH Pandya', 'AR Patel', 'B Kumar', 'JJ Bumrah', 'YS Chahal']",11
1109608,2017-08-31,ODI,"R.Premadasa Stadium, Khettarama",Colombo,Sri Lanka,0,0,1,India,bat,"['RG Sharma', 'S Dhawan', 'V Kohli', 'HH Pandya', 'KL Rahul', 'MK Pandey', 'MS Dhoni', 'AR Patel', 'Kuldeep Yadav', 'JJ Bumrah', 'SN Thakur']",11
1109609,2017-09-03,ODI,"R.Premadasa Stadium, Khettarama",Colombo,Sri Lanka,0,0,1,Sri Lanka,bat,"['RG Sharma', 'AM Rahane', 'V Kohli', 'MK Pandey', 'KM Jadhav', 'MS Dhoni', 'JJ Bumrah', 'YS Chahal', 'Kuldeep Yadav', 'B Kumar', 'SN Thakur']",11
1109610,2017-09-06,T20I,"R.Premadasa Stadium, Khettarama",Colombo,Sri Lanka,0,0,1,India,field,"['RG Sharma', 'KL Rahul', 'V Kohli', 'MK Pandey', 'MS Dhoni', 'KM Jadhav', 'AR Patel', 'Kuldeep Yadav', 'B Kumar', 'YS Chahal', 'JJ Bumrah']",11
1119496,2017-09-17,ODI,"MA Chidambaram Stadium, Chepauk",Chennai,Australia,1,0,1,India,bat,"['AM Rahane', 'RG Sharma', 'V Kohli', 'MK Pandey', 'KM Jadhav', 'MS Dhoni', 'HH Pandya', 'B Kumar', 'Kuldeep Yadav', 'YS Chahal', 'JJ Bumrah']",11
1119497,2017-09-21,ODI,Eden Gardens,Kolkata,Australia,1,0,1,India,bat,"['AM Rahane', 'RG Sharma', 'V Kohli', 'MK Pandey', 'KM Jadhav', 'MS Dhoni', 'HH Pandya', 'B Kumar', 'Kuldeep Yadav', 'JJ Bumrah', 'YS Chahal']",11
1119498,2017-09-24,ODI,Holkar Cricket Stadium,Indore,Australia,1,0,1,Australia,bat,"['AM Rahane', 'RG Sharma', 'V Kohli', 'HH Pandya', 'KM Jadhav', 'MK Pandey', 'MS Dhoni', 'B Kumar', 'Kuldeep Yadav', 'JJ Bumrah', 'YS Chahal']",11
1119499,2017-09-28,ODI,M.Chinnaswamy Stadium,Bengaluru,Australia,1,0,0,Australia,bat,"['AM Rahane', 'RG Sharma', 'V Kohli', 'HH Pandya', 'KM Jadhav', 'MK Pandey', 'MS Dhoni', 'AR Patel', 'Mohammed Shami', 'UT Yadav', 'YS Chahal']",11
1119500,2017-10-01,ODI,"Vidarbha Cricket Association Stadium, Jamtha",Nagpur,Australia,1,0,1,Australia,bat,"['AM Rahane', 'RG Sharma', 'V Kohli', 'KM Jadhav', 'MK Pandey', 'HH Pandya', 'MS Dhoni', 'B Kumar', 'AR Patel', 'JJ Bumrah', 'Kuldeep Yadav']",11
1119501,2017-10-07,T20I,JSCA International Stadium Complex,Ranchi,Australia,1,0,1,India,field,"['RG Sharma', 'S Dhawan', 'V Kohli', 'MK Pandey', 'KM Jadhav', 'MS Dhoni', 'HH Pandya', 'B Kumar', 'YS Chahal', 'Kuldeep Yadav', 'JJ Bumrah']",11
1119502,2017-10-10,T20I,Barsapara Cricket Stadium,Guwahati,Australia,1,0,0,Australia,field,"['RG Sharma', 'S Dhawan', 'V Kohli', 'MK Pandey', 'KM Jadhav', 'MS Dhoni', 'HH Pandya', 'B Kumar', 'Kuldeep Yadav', 'JJ Bumrah', 'YS Chahal']",11
1120090,2017-10-22,ODI,Wankhede Stadium,Mumbai,New Zealand,1,0,0,India,bat,"['RG Sharma', 'S Dhawan', 'V Kohli', 'KM Jadhav', 'KD Karthik', 'MS Dhoni', 'HH Pandya', 'B Kumar', 'Kuldeep Yadav', 'JJ Bumrah', 'YS Chahal']",11
1120091,2017-10-25,ODI,Maharashtra Cricket Association Stadium,Pune,New Zealand,1,0,1,New Zealand,bat,"['RG Sharma', 'S Dhawan', 'V Kohli', 'KD Karthik', 'HH Pandya', 'MS Dhoni', 'KM Jadhav', 'AR Patel', 'B Kumar', 'JJ Bumrah', 'YS Chahal']",11
1120092,2017-10-29,ODI,Green Park,Kanpur,New Zealand,1,0,1,New Zealand,field,"['RG Sharma', 'S Dhawan', 'V Kohli', 'HH Pandya', 'MS Dhoni', 'KM Jadhav', 'KD Karthik', 'AR Patel', 'B Kumar', 'JJ Bumrah', 'YS Chahal']",11
1120093,2017-11-01,T20I,Arun Jaitley Stadium,Delhi,New Zealand,1,0,1,New Zealand,field,"['RG Sharma', 'S Dhawan', 'HH Pandya', 'V Kohli', 'MS Dhoni', 'SS Iyer', 'AR Patel', 'B Kumar', 'A Nehra', 'YS Chahal', 'JJ Bumrah']",11
1120094,2017-11-04,T20I,Saurashtra Cricket Association Stadium,Rajkot,New Zealand,1,0,0,New Zealand,bat,"['RG Sharma', 'S Dhawan', 'SS Iyer', 'V Kohli', 'HH Pandya', 'MS Dhoni', 'AR Patel', 'B Kumar', 'JJ Bumrah', 'Mohammed Siraj', 'YS Chahal']",11
1120095,2017-11-07,T20I,Greenfield International Stadium,Thiruvananthapuram,New Zealand,1,0,1,New Zealand,field,"['RG Sharma', 'S Dhawan', 'V Kohli', 'SS Iyer', 'MK Pandey', 'HH Pandya', 'MS Dhoni', 'B Kumar', 'JJ Bumrah', 'Kuldeep Yadav', 'YS Chahal']",11
1122723,2017-11-16,TEST,Eden Gardens,Kolkata,Sri Lanka,1,0,-1,Sri Lanka,field,"['KL Rahul', 'S Dhawan', 'CA Pujara', 'V Kohli', 'AM Rahane', 'RA Jadeja', 'R Ashwin', 'WP Saha', 'B Kumar', 'Mohammed Shami', 'UT Yadav']",11
1122724,2017-11-24,TEST,"Vidarbha Cricket Association Stadium, Jamtha",Nagpur,Sri Lanka,1,0,1,Sri Lanka,bat,"['KL Rahul', 'M Vijay', 'CA Pujara', 'V Kohli', 'AM Rahane', 'RG Sharma', 'R Ashwin', 'WP Saha', 'RA Jadeja', 'UT Yadav', 'I Sharma']",11
1122725,2017-12-02,TEST,Arun Jaitley Stadium,Delhi,Sri Lanka,1,0,-1,India,bat,"['M Vijay', 'S Dhawan', 'AM Rahane', 'CA Pujara', 'V Kohli', 'RG Sharma', 'RA Jadeja', 'R Ashwin', 'WP Saha', 'I Sharma', 'Mohammed Shami']",11
1122726,2017-12-10,ODI,Himachal Pradesh Cricket Association Stadium,Dharamsala,Sri Lanka,1,0,0,Sri Lanka,field,"['RG Sharma', 'S Dhawan', 'SS Iyer', 'KD Karthik', 'MK Pandey', 'MS Dhoni', 'HH Pandya', 'B Kumar', 'Kuldeep Yadav', 'JJ Bumrah', 'YS Chahal']",11
1122727,2017-12-13,ODI,"Punjab Cricket Association IS Bindra Stadium, Mohali",Chandigarh,Sri Lanka,1,0,1,Sri Lanka,field,"['RG Sharma', 'S Dhawan', 'SS Iyer', 'MS Dhoni', 'HH Pandya', 'KD Karthik', 'MK Pandey', 'B Kumar', 'Washington Sundar', 'JJ Bumrah', 'YS Chahal']",11
1122728,2017-12-17,ODI,Dr. Y.S. Rajasekhara Reddy ACA-VDCA Cricket Stadium,Visakhapatnam,Sri Lanka,1,0,1,India,field,"['RG Sharma', 'S Dhawan', 'SS Iyer', 'KD Karthik', 'MS Dhoni', 'HH Pandya', 'MK Pandey', 'B Kumar', 'Kuldeep Yadav', 'JJ Bumrah', 'YS Chahal']",11
1122729,2017-12-20,T20I,Barabati Stadium,Cuttack,Sri Lanka,1,0,1,Sri Lanka,field,"['RG Sharma', 'KL Rahul', 'SS Iyer', 'MS Dhoni', 'MK Pandey', 'KD Karthik', 'HH Pandya', 'Kuldeep Yadav', 'JJ Bumrah', 'JD Unadkat', 'YS Chahal']",11
1122730,2017-12-22,T20I,Holkar Cricket Stadium,Indore,Sri Lanka,1,0,1,Sri Lanka,field,"['RG Sharma', 'KL Rahul', 'MS Dhoni', 'HH Pandya', 'SS Iyer', 'MK Pandey', 'KD Karthik', 'Kuldeep Yadav', 'JJ Bumrah', 'JD Unadkat', 'YS Chahal']",11
1122731,2017-12-24,T20I,Wankhede Stadium,Mumbai,Sri Lanka,1,0,1,India,field,"['RG Sharma', 'KL Rahul', 'SS Iyer', 'MK Pandey', 'HH Pandya', 'KD Karthik', 'MS Dhoni', 'Washington Sundar', 'Kuldeep Yadav', 'JD Unadkat', 'Mohammed Siraj']",11
1122276,2018-01-05,TEST,Newlands,Cape Town,South Africa,0,1,0,South Africa,bat,"['M Vijay', 'S Dhawan', 'CA Pujara', 'V Kohli', 'RG Sharma', 'WP Saha', 'HH Pandya', 'R Ashwin', 'B Kumar', 'Mohammed Shami', 'JJ Bumrah']",11
1122277,2018-01-13,TEST,SuperSport Park,Centurion,South Africa,0,1,0,South Africa,bat,"['M Vijay', 'KL Rahul', 'CA Pujara', 'V Kohli', 'PA Patel', 'RG Sharma', 'HH Pandya', 'R Ashwin', 'Mohammed Shami', 'I Sharma', 'JJ Bumrah']",11
1122278,2018-01-24,TEST,The Wanderers Stadium,Johannesburg,South Africa,0,1,1,India,bat,"['M Vijay', 'PA Patel', 'KL Rahul', 'CA Pujara', 'V Kohli', 'AM Rahane', 'HH Pandya', 'B Kumar', 'Mohammed Shami', 'I Sharma', 'JJ Bumrah']",11
1122279,2018-02-01,ODI,Kingsmead,Durban,South Africa,0,1,1,South Africa,bat,"['RG Sharma', 'S Dhawan', 'V Kohli', 'AM Rahane', 'HH Pandya', 'MS Dhoni', 'KM Jadhav', 'B Kumar', 'Kuldeep Yadav', 'JJ Bumrah', 'YS Chahal']",11
1122280,2018-02-04,ODI,SuperSport Park,Centurion,South Africa,0,1,1,India,field,"['RG Sharma', 'S Dhawan', 'V Kohli', 'AM Rahane', 'MS Dhoni', 'KM Jadhav', 'HH Pandya', 'B Kumar', 'Kuldeep Yadav', 'JJ Bumrah', 'YS Chahal']",11
1122281,2018-02-07,ODI,Newlands,Cape Town,South Africa,0,1,1,South Africa,field,"['RG Sharma', 'S Dhawan', 'V Kohli', 'AM Rahane', 'HH Pandya', 'MS Dhoni', 'KM Jadhav', 'B Kumar', 'Kuldeep Yadav', 'JJ Bumrah', 'YS Chahal']",11
1122282,2018-02-10,ODI,The Wanderers Stadium,Johannesburg,South Africa,0,1,0,India,bat,"['RG Sharma', 'S Dhawan', 'V Kohli', 'AM Rahane', 'SS Iyer', 'MS Dhoni', 'HH Pandya', 'B Kumar', 'Kuldeep Yadav', 'JJ Bumrah', 'YS Chahal']",11
1122283,2018-02-13,ODI,St George's Park,Port Elizabeth,South Africa,0,1,1,South Africa,field,"['S Dhawan', 'RG Sharma', 'V Kohli', 'AM Rahane', 'SS Iyer', 'HH Pandya', 'MS Dhoni', 'B Kumar', 'Kuldeep Yadav', 'JJ Bumrah', 'YS Chahal']",11
1122284,2018-02-16,ODI,SuperSport Park,Centurion,South Africa,0,1,1,India,field,"['S Dhawan', 'RG Sharma', 'V Kohli', 'AM Rahane', 'SS Iyer', 'MS Dhoni', 'HH Pandya', 'Kuldeep Yadav', 'SN Thakur', 'JJ Bumrah', 'YS Chahal']",11
1122285,2018-02-18,T20I,The Wanderers Stadium,Johannesburg,South Africa,0,1,1,South Africa,field,"['RG Sharma', 'S Dhawan', 'SK Raina', 'V Kohli', 'MK Pandey', 'MS Dhoni', 'HH Pandya', 'B Kumar', 'JD Unadkat', 'JJ Bumrah', 'YS Chahal']",11
1122286,2018-02-21,T20I,SuperSport Park,Centurion,South Africa,0,1,0,South Africa,field,"['S Dhawan', 'RG Sharma', 'SK Raina', 'V Kohli', 'MK Pandey', 'MS Dhoni', 'HH Pandya', 'B Kumar', 'JD Unadkat', 'YS Chahal', 'SN Thakur']",11
1122287,2018-02-24,T20I,Newlands,Cape Town,South Africa,0,1,1,South Africa,field,"['RG Sharma', 'S Dhawan', 'SK Raina', 'MK Pandey', 'HH Pandya', 'MS Dhoni', 'KD Karthik', 'AR Patel', 'B Kumar', 'SN Thakur', 'JJ Bumrah']",11
1133817,2018-03-06,T20I,"R.Premadasa Stadium, Khettarama",Colombo,Sri Lanka,0,0,0,Sri Lanka,field,"['RG Sharma', 'S Dhawan', 'SK Raina', 'MK Pandey', 'RR Pant', 'KD Karthik', 'Washington Sundar', 'V Shankar', 'SN Thakur', 'JD Unadkat', 'YS Chahal']",11
1133818,2018-03-08,T20I,"R.Premadasa Stadium, Khettarama",Colombo,Bangladesh,0,0,1,India,field,"['RG Sharma', 'S Dhawan', 'RR Pant', 'SK Raina', 'MK Pandey', 'KD Karthik', 'V Shankar', 'Washington Sundar', 'SN Thakur', 'JD Unadkat', 'YS Chahal']",11
1133820,2018-03-12,T20I,"R.Premadasa Stadium, Khettarama",Colombo,Sri Lanka,0,0,1,India,field,"['RG Sharma', 'S Dhawan', 'KL Rahul', 'SK Raina', 'MK Pandey', 'KD Karthik', 'V Shankar', 'Washington Sundar', 'SN Thakur', 'JD Unadkat', 'YS Chahal']",11
1133821,2018-03-14,T20I,"R.Premadasa Stadium, Khettarama",Colombo,Bangladesh,0,0,1,Bangladesh,field,"['RG Sharma', 'S Dhawan', 'SK Raina', 'KD Karthik', 'KL Rahul', 'MK Pandey', 'V Shankar', 'Washington Sundar', 'SN Thakur', 'YS Chahal', 'Mohammed Siraj']",11
1133823,2018-03-18,T20I,"R.Premadasa Stadium, Khettarama",Colombo,Bangladesh,0,0,1,India,field,"['S Dhawan', 'RG Sharma', 'SK Raina', 'KL Rahul', 'MK Pandey', 'V Shankar', 'KD Karthik', 'Washington Sundar', 'SN Thakur', 'YS Chahal', 'JD Unadkat']",11
1140992,2018-06-27,T20I,"The Village, Malahide",Dublin,Ireland,0,0,1,Ireland,field,"['RG Sharma', 'S Dhawan', 'SK Raina', 'MS Dhoni', 'HH Pandya', 'V Kohli', 'MK Pandey', 'B Kumar', 'Kuldeep Yadav', 'JJ Bumrah', 'YS Chahal']",11
1140993,2018-06-29,T20I,"The Village, Malahide",Dublin,Ireland,0,0,1,Ireland,field,"['KL Rahul', 'V Kohli', 'SK Raina', 'RG Sharma', 'MK Pandey', 'HH Pandya', 'KD Karthik', 'Kuldeep Yadav', 'S Kaul', 'UT Yadav', 'YS Chahal']",11
1119543,2018-07-03,T20I,Old Trafford,Manchester,England,0,1,1,India,field,"['S Dhawan', 'RG Sharma', 'KL Rahul', 'V Kohli', 'SK Raina', 'MS Dhoni', 'HH Pandya', 'YS Chahal', 'Kuldeep Yadav', 'B Kumar', 'UT Yadav']",11
1119544,2018-07-06,T20I,Sophia Gardens,Cardiff,England,0,0,0,England,field,"['RG Sharma', 'S Dhawan', 'KL Rahul', 'V Kohli', 'SK Raina', 'MS Dhoni', 'HH Pandya', 'YS Chahal', 'Kuldeep Yadav', 'B Kumar', 'UT Yadav']",11
1119545,2018-07-08,T20I,County Ground,Bristol,England,0,0,1,India,field,"['RG Sharma', 'S Dhawan', 'KL Rahul', 'V Kohli', 'HH Pandya', 'SK Raina', 'MS Dhoni', 'DL Chahar', 'UT Yadav', 'YS Chahal', 'S Kaul']",11
1119546,2018-07-12,ODI,Trent Bridge,Nottingham,England,0,1,1,India,field,"['RG Sharma', 'S Dhawan', 'V Kohli', 'KL Rahul', 'SK Raina', 'MS Dhoni', 'HH Pandya', 'S Kaul', 'Kuldeep Yadav', 'UT Yadav', 'YS Chahal']",11
1119547,2018-07-14,ODI,Lord's,London,England,0,1,0,England,bat,"['RG Sharma', 'S Dhawan', 'V Kohli', 'KL Rahul', 'SK Raina', 'MS Dhoni', 'HH Pandya', 'UT Yadav', 'Kuldeep Yadav', 'S Kaul', 'YS Chahal']",11
1119548,2018-07-17,ODI,Headingley,Leeds,England,0,1,0,England,field,"['RG Sharma', 'S Dhawan', 'V Kohli', 'KD Karthik', 'MS Dhoni', 'SK Raina', 'HH Pandya', 'B Kumar', 'SN Thakur', 'Kuldeep Yadav', 'YS Chahal']",11
1119549,2018-08-01,TEST,Edgbaston,Birmingham,England,0,1,0,England,bat,"['M Vijay', 'S Dhawan', 'KL Rahul', 'V Kohli', 'AM Rahane', 'R Ashwin', 'KD Karthik', 'HH Pandya', 'Mohammed Shami', 'I Sharma', 'UT Yadav']",11
1119550,2018-08-09,TEST,Lord's,London,England,0,1,0,England,field,"['M Vijay', 'KL Rahul', 'CA Pujara', 'AM Rahane', 'V Kohli', 'HH Pandya', 'KD Karthik', 'R Ashwin', 'Kuldeep Yadav', 'Mohammed Shami', 'I Sharma']",11
1119551,2018-08-18,TEST,Trent Bridge,Nottingham,England,0,1,1,England,field,"['S Dhawan', 'KL Rahul', 'CA Pujara', 'V Kohli', 'AM Rahane', 'RR Pant', 'HH Pandya', 'Mohammed Shami', 'R Ashwin', 'I Sharma', 'JJ Bumrah']",11
1119552,2018-08-30,TEST,The Rose Bowl,Southampton,England,0,0,0,England,bat,"['S Dhawan', 'KL Rahul', 'CA Pujara', 'V Kohli', 'AM Rahane', 'HH Pandya', 'RR Pant', 'R Ashwin', 'I Sharma', 'Mohammed Shami', 'JJ Bumrah']",11
1119553,2018-09-07,TEST,Kennington Oval,London,England,0,1,0,England,bat,"['KL Rahul', 'S Dhawan', 'CA Pujara', 'V Kohli', 'AM Rahane', 'GH Vihari', 'RR Pant', 'RA Jadeja', 'I Sharma', 'Mohammed Shami', 'JJ Bumrah']",11
1153246,2018-09-18,ODI,Dubai International Cricket Stadium,Unknown,Hong Kong,0,0,1,Hong Kong,field,"['RG Sharma', 'S Dhawan', 'AT Rayudu', 'KD Karthik', 'MS Dhoni', 'KM Jadhav', 'B Kumar', 'SN Thakur', 'Kuldeep Yadav', 'KK Ahmed', 'YS Chahal']",11
1153247,2018-09-19,ODI,Dubai International Cricket Stadium,Unknown,Pakistan,0,0,1,Pakistan,bat,"['RG Sharma', 'S Dhawan', 'AT Rayudu', 'KD Karthik', 'MS Dhoni', 'KM Jadhav', 'HH Pandya', 'B Kumar', 'Kuldeep Yadav', 'YS Chahal', 'JJ Bumrah']",11
1153249,2018-09-21,ODI,Dubai International Cricket Stadium,Unknown,Bangladesh,0,0,1,India,field,"['RG Sharma', 'S Dhawan', 'AT Rayudu', 'MS Dhoni', 'KD Karthik', 'KM Jadhav', 'RA Jadeja', 'B Kumar', 'Kuldeep Yadav', 'YS Chahal', 'JJ Bumrah']",11
1153251,2018-09-23,ODI,Dubai International Cricket Stadium,Unknown,Pakistan,0,0,1,Pakistan,bat,"['RG Sharma', 'S Dhawan', 'AT Rayudu', 'KM Jadhav', 'MS Dhoni', 'KD Karthik', 'Kuldeep Yadav', 'RA Jadeja', 'YS Chahal', 'B Kumar', 'JJ Bumrah']",11
1153255,2018-09-28,ODI,Dubai International Cricket Stadium,Unknown,Bangladesh,0,0,1,India,field,"['RG Sharma', 'S Dhawan', 'AT Rayudu', 'KD Karthik', 'MS Dhoni', 'KM Jadhav', 'RA Jadeja', 'B Kumar', 'Kuldeep Yadav', 'JJ Bumrah', 'YS Chahal']",11
1157752,2018-10-04,TEST,Saurashtra Cricket Association Stadium,Rajkot,West Indies,1,0,1,India,bat,"['PP Shaw', 'KL Rahul', 'CA Pujara', 'V Kohli', 'AM Rahane', 'RR Pant', 'RA Jadeja', 'R Ashwin', 'Kuldeep Yadav', 'UT Yadav', 'Mohammed Shami']",11
1157753,2018-10-12,TEST,"Rajiv Gandhi International Stadium, Uppal",Hyderabad,West Indies,1,0,1,West Indies,bat,"['PP Shaw', 'KL Rahul', 'CA Pujara', 'V Kohli', 'AM Rahane', 'RR Pant', 'R Ashwin', 'RA Jadeja', 'UT Yadav', 'Kuldeep Yadav', 'SN Thakur']",11
1157754,2018-10-21,ODI,Barsapara Cricket Stadium,Guwahati,West Indies,1,0,1,India,field,"['RG Sharma', 'S Dhawan', 'V Kohli', 'AT Rayudu', 'RR Pant', 'MS Dhoni', 'RA Jadeja', 'YS Chahal', 'UT Yadav', 'Mohammed Shami', 'KK Ahmed']",11
1157755,2018-10-24,ODI,Dr. Y.S. Rajasekhara Reddy ACA-VDCA Cricket Stadium,Visakhapatnam,West Indies,1,0,-1,India,bat,"['RG Sharma', 'S Dhawan', 'V Kohli', 'AT Rayudu', 'MS Dhoni', 'RR Pant', 'RA Jadeja', 'Mohammed Shami', 'YS Chahal', 'UT Yadav', 'Kuldeep Yadav']",11
1157756,2018-10-27,ODI,Maharashtra Cricket Association Stadium,Pune,West Indies,1,0,0,India,field,"['RG Sharma', 'S Dhawan', 'V Kohli', 'AT Rayudu', 'RR Pant', 'MS Dhoni', 'B Kumar', 'Kuldeep Yadav', 'YS Chahal', 'KK Ahmed', 'JJ Bumrah']",11
1157757,2018-10-29,ODI,Brabourne Stadium,Mumbai,West Indies,1,0,1,India,bat,"['RG Sharma', 'S Dhawan', 'V Kohli', 'AT Rayudu', 'MS Dhoni', 'KM Jadhav', 'RA Jadeja', 'B Kumar', 'Kuldeep Yadav', 'KK Ahmed', 'JJ Bumrah']",11
1157758,2018-11-01,ODI,Greenfield International Stadium,Thiruvananthapuram,West Indies,1,0,1,West Indies,bat,"['RG Sharma', 'S Dhawan', 'V Kohli', 'AT Rayudu', 'KM Jadhav', 'MS Dhoni', 'RA Jadeja', 'B Kumar', 'Kuldeep Yadav', 'KK Ahmed', 'JJ Bumrah']",11
1157759,2018-11-04,T20I,Eden Gardens,Kolkata,West Indies,1,0,1,India,field,"['RG Sharma', 'S Dhawan', 'KL Rahul', 'RR Pant', 'MK Pandey', 'KD Karthik', 'KH Pandya', 'Kuldeep Yadav', 'JJ Bumrah', 'KK Ahmed', 'UT Yadav']",11
1157760,2018-11-06,T20I,Bharat Ratna Shri Atal Bihari Vajpayee Ekana Cricket Stadium,Lucknow,West Indies,1,0,1,West Indies,field,"['RG Sharma', 'S Dhawan', 'RR Pant', 'KL Rahul', 'MK Pandey', 'KD Karthik', 'KH Pandya', 'Kuldeep Yadav', 'JJ Bumrah', 'KK Ahmed', 'B Kumar']",11
1157761,2018-11-11,T20I,"MA Chidambaram Stadium, Chepauk",Chennai,West Indies,1,0,1,West Indies,bat,"['S Dhawan', 'RG Sharma', 'KL Rahul', 'RR Pant', 'MK Pandey', 'KD Karthik', 'KH Pandya', 'YS Chahal', 'B Kumar', 'Washington Sundar', 'KK Ahmed']",11
1144990,2018-11-21,T20I,"Brisbane Cricket Ground, Woolloongabba",Brisbane,Australia,0,1,0,India,field,"['RG Sharma', 'S Dhawan', 'KL Rahul', 'V Kohli', 'RR Pant', 'KD Karthik', 'KH Pandya', 'B Kumar', 'Kuldeep Yadav', 'JJ Bumrah', 'KK Ahmed']",11
1144991,2018-11-23,T20I,Melbourne Cricket Ground,Unknown,Australia,0,1,-1,India,field,"['RG Sharma', 'S Dhawan', 'KL Rahul', 'V Kohli', 'RR Pant', 'KD Karthik', 'KH Pandya', 'Kuldeep Yadav', 'B Kumar', 'JJ Bumrah', 'KK Ahmed']",11
1144992,2018-11-25,T20I,Sydney Cricket Ground,Unknown,Australia,0,1,1,Australia,bat,"['RG Sharma', 'S Dhawan', 'V Kohli', 'KL Rahul', 'RR Pant', 'KD Karthik', 'KH Pandya', 'Kuldeep Yadav', 'B Kumar', 'JJ Bumrah', 'KK Ahmed']",11
1144993,2018-12-06,TEST,Adelaide Oval,Unknown,Australia,0,1,1,India,bat,"['KL Rahul', 'M Vijay', 'CA Pujara', 'V Kohli', 'AM Rahane', 'RG Sharma', 'RR Pant', 'R Ashwin', 'I Sharma', 'Mohammed Shami', 'JJ Bumrah']",11
1144994,2018-12-14,TEST,Perth Stadium,Unknown,Australia,0,1,0,Australia,bat,"['KL Rahul', 'M Vijay', 'CA Pujara', 'V Kohli', 'AM Rahane', 'GH Vihari', 'RR Pant', 'UT Yadav', 'I Sharma', 'Mohammed Shami', 'JJ Bumrah']",11
1144995,2018-12-26,TEST,Melbourne Cricket Ground,Melbourne,Australia,0,1,1,India,bat,"['GH Vihari', 'MA Agarwal', 'CA Pujara', 'V Kohli', 'AM Rahane', 'RG Sharma', 'RR Pant', 'RA Jadeja', 'Mohammed Shami', 'I Sharma', 'JJ Bumrah']",11
1144996,2019-01-03,TEST,Sydney Cricket Ground,Sydney,Australia,0,1,-1,India,bat,"['MA Agarwal', 'KL Rahul', 'CA Pujara', 'V Kohli', 'AM Rahane', 'GH Vihari', 'RR Pant', 'RA Jadeja', 'Kuldeep Yadav', 'Mohammed Shami', 'JJ Bumrah']",11
1144997,2019-01-12,ODI,Sydney Cricket Ground,Sydney,Australia,0,1,0,Australia,bat,"['RG Sharma', 'S Dhawan', 'V Kohli', 'AT Rayudu', 'MS Dhoni', 'KD Karthik', 'RA Jadeja', 'B Kumar', 'Kuldeep Yadav', 'Mohammed Shami', 'KK Ahmed']",11
1144998,2019-01-15,ODI,Adelaide Oval,Adelaide,Australia,0,1,1,Australia,bat,"['RG Sharma', 'S Dhawan', 'V Kohli', 'AT Rayudu', 'MS Dhoni', 'KD Karthik', 'RA Jadeja', 'Kuldeep Yadav', 'B Kumar', 'Mohammed Shami', 'Mohammed Siraj']",11
1144999,2019-01-18,ODI,Melbourne Cricket Ground,Melbourne,Australia,0,1,1,India,field,"['RG Sharma', 'S Dhawan', 'V Kohli', 'MS Dhoni', 'KM Jadhav', 'KD Karthik', 'V Shankar', 'RA Jadeja', 'B Kumar', 'Mohammed Shami', 'YS Chahal']",11
1153691,2019-01-23,ODI,McLean Park,Napier,New Zealand,0,0,1,New Zealand,bat,"['RG Sharma', 'S Dhawan', 'V Kohli', 'AT Rayudu', 'KM Jadhav', 'MS Dhoni', 'V Shankar', 'Kuldeep Yadav', 'YS Chahal', 'B Kumar', 'Mohammed Shami']",11
1153692,2019-01-26,ODI,Bay Oval,Mount Maunganui,New Zealand,0,1,1,India,bat,"['RG Sharma', 'S Dhawan', 'V Kohli', 'AT Rayudu', 'MS Dhoni', 'KM Jadhav', 'V Shankar', 'Kuldeep Yadav', 'YS Chahal', 'B Kumar', 'Mohammed Shami']",11
1153693,2019-01-28,ODI,Bay Oval,Mount Maunganui,New Zealand,0,1,1,New Zealand,bat,"['RG Sharma', 'S Dhawan', 'V Kohli', 'AT Rayudu', 'KD Karthik', 'KM Jadhav', 'HH Pandya', 'Kuldeep Yadav', 'YS Chahal', 'B Kumar', 'Mohammed Shami']",11
1153694,2019-01-31,ODI,Seddon Park,Hamilton,New Zealand,0,1,0,New Zealand,field,"['RG Sharma', 'S Dhawan', 'Shubman Gill', 'AT Rayudu', 'KD Karthik', 'KM Jadhav', 'HH Pandya', 'B Kumar', 'Kuldeep Yadav', 'YS Chahal', 'KK Ahmed']",11
1153695,2019-02-03,ODI,Westpac Stadium,Wellington,New Zealand,0,1,1,India,bat,"['RG Sharma', 'S Dhawan', 'Shubman Gill', 'AT Rayudu', 'MS Dhoni', 'V Shankar', 'KM Jadhav', 'HH Pandya', 'B Kumar', 'Mohammed Shami', 'YS Chahal']",11
1153696,2019-02-06,T20I,Westpac Stadium,Wellington,New Zealand,0,1,0,India,field,"['RG Sharma', 'S Dhawan', 'V Shankar', 'RR Pant', 'MS Dhoni', 'KD Karthik', 'HH Pandya', 'KH Pandya', 'B Kumar', 'YS Chahal', 'KK Ahmed']",11
1153697,2019-02-08,T20I,Eden Park,Auckland,New Zealand,0,1,1,New Zealand,bat,"['RG Sharma', 'S Dhawan', 'RR Pant', 'V Shankar', 'MS Dhoni', 'KD Karthik', 'HH Pandya', 'KH Pandya', 'B Kumar', 'YS Chahal', 'KK Ahmed']",11
1153698,2019-02-10,T20I,Seddon Park,Hamilton,New Zealand,0,1,0,India,field,"['S Dhawan', 'RG Sharma', 'V Shankar', 'RR Pant', 'HH Pandya', 'MS Dhoni', 'KD Karthik', 'KH Pandya', 'B Kumar', 'Kuldeep Yadav', 'KK Ahmed']",11
1168247,2019-02-24,T20I,Dr. Y.S. Rajasekhara Reddy ACA-VDCA Cricket Stadium,Visakhapatnam,Australia,1,0,0,Australia,field,"['RG Sharma', 'KL Rahul', 'V Kohli', 'RR Pant', 'MS Dhoni', 'KD Karthik', 'KH Pandya', 'UT Yadav', 'YS Chahal', 'M Markande', 'JJ Bumrah']",11
1168248,2019-02-27,T20I,M.Chinnaswamy Stadium,Bengaluru,Australia,1,0,0,Australia,field,"['KL Rahul', 'S Dhawan', 'V Kohli', 'RR Pant', 'MS Dhoni', 'KD Karthik', 'V Shankar', 'KH Pandya', 'YS Chahal', 'JJ Bumrah', 'S Kaul']",11
1168242,2019-03-02,ODI,"Rajiv Gandhi International Stadium, Uppal",Hyderabad,Australia,1,0,1,Australia,bat,"['RG Sharma', 'S Dhawan', 'V Kohli', 'AT Rayudu', 'MS Dhoni', 'KM Jadhav', 'V Shankar', 'RA Jadeja', 'Kuldeep Yadav', 'Mohammed Shami', 'JJ Bumrah']",11
1168243,2019-03-05,ODI,"Vidarbha Cricket Association Stadium, Jamtha",Nagpur,Australia,1,0,1,Australia,field,"['RG Sharma', 'S Dhawan', 'V Kohli', 'AT Rayudu', 'V Shankar', 'KM Jadhav', 'MS Dhoni', 'RA Jadeja', 'Kuldeep Yadav', 'Mohammed Shami', 'JJ Bumrah']",11
1168244,2019-03-08,ODI,JSCA International Stadium Complex,Ranchi,Australia,1,0,0,India,field,"['S Dhawan', 'RG Sharma', 'V Kohli', 'AT Rayudu', 'MS Dhoni', 'KM Jadhav', 'V Shankar', 'RA Jadeja', 'Kuldeep Yadav', 'Mohammed Shami', 'JJ Bumrah']",11
1168245,2019-03-10,ODI,"Punjab Cricket Association IS Bindra Stadium, Mohali",Chandigarh,Australia,1,0,0,India,bat,"['RG Sharma', 'S Dhawan', 'KL Rahul', 'V Kohli', 'RR Pant', 'KM Jadhav', 'V Shankar', 'B Kumar', 'Kuldeep Yadav', 'YS Chahal', 'JJ Bumrah']",11
1168246,2019-03-13,ODI,Arun Jaitley Stadium,Delhi,Australia,1,0,0,Australia,bat,"['RG Sharma', 'S Dhawan', 'V Kohli', 'RR Pant', 'V Shankar', 'KM Jadhav', 'RA Jadeja', 'B Kumar', 'Mohammed Shami', 'Kuldeep Yadav', 'JJ Bumrah']",11
1144490,2019-06-05,ODI,The Rose Bowl,Southampton,South Africa,0,0,1,South Africa,bat,"['S Dhawan', 'RG Sharma', 'V Kohli', 'KL Rahul', 'MS Dhoni', 'HH Pandya', 'KM Jadhav', 'B Kumar', 'Kuldeep Yadav', 'YS Chahal', 'JJ Bumrah']",11
1144496,2019-06-09,ODI,Kennington Oval,London,Australia,0,1,1,India,bat,"['RG Sharma', 'S Dhawan', 'V Kohli', 'HH Pandya', 'MS Dhoni', 'KL Rahul', 'KM Jadhav', 'B Kumar', 'Kuldeep Yadav', 'YS Chahal', 'JJ Bumrah']",11
1144504,2019-06-16,ODI,Old Trafford,Manchester,Pakistan,0,1,1,Pakistan,field,"['KL Rahul', 'RG Sharma', 'V Kohli', 'HH Pandya', 'MS Dhoni', 'V Shankar', 'KM Jadhav', 'B Kumar', 'Kuldeep Yadav', 'YS Chahal', 'JJ Bumrah']",11
1144516,2019-06-27,ODI,Old Trafford,Manchester,West Indies,0,1,1,India,bat,"['KL Rahul', 'RG Sharma', 'V Kohli', 'V Shankar', 'KM Jadhav', 'MS Dhoni', 'HH Pandya', 'Mohammed Shami', 'Kuldeep Yadav', 'YS Chahal', 'JJ Bumrah']",11
1144520,2019-06-30,ODI,Edgbaston,Birmingham,England,0,1,0,England,bat,"['KL Rahul', 'RG Sharma', 'V Kohli', 'RR Pant', 'HH Pandya', 'MS Dhoni', 'KM Jadhav', 'Kuldeep Yadav', 'Mohammed Shami', 'YS Chahal', 'JJ Bumrah']",11
1144522,2019-07-02,ODI,Edgbaston,Birmingham,Bangladesh,0,1,1,India,bat,"['KL Rahul', 'RG Sharma', 'V Kohli', 'RR Pant', 'HH Pandya', 'MS Dhoni', 'KD Karthik', 'B Kumar', 'Mohammed Shami', 'JJ Bumrah', 'YS Chahal']",11
1144526,2019-07-06,ODI,Headingley,Leeds,Sri Lanka,0,1,1,Sri Lanka,bat,"['KL Rahul', 'RG Sharma', 'V Kohli', 'RR Pant', 'HH Pandya', 'MS Dhoni', 'KD Karthik', 'RA Jadeja', 'B Kumar', 'JJ Bumrah', 'Kuldeep Yadav']",11
1144528,2019-07-09,ODI,Old Trafford,Manchester,New Zealand,0,1,0,New Zealand,bat,"['KL Rahul', 'RG Sharma', 'V Kohli', 'RR Pant', 'KD Karthik', 'HH Pandya', 'MS Dhoni', 'RA Jadeja', 'B Kumar', 'YS Chahal', 'JJ Bumrah']",11
1188621,2019-08-03,T20I,Central Broward Regional Park Stadium Turf Ground,Lauderhill,West Indies,0,0,1,India,field,"['RG Sharma', 'S Dhawan', 'V Kohli', 'RR Pant', 'MK Pandey', 'KH Pandya', 'RA Jadeja', 'Washington Sundar', 'B Kumar', 'KK Ahmed', 'Navdeep Saini']",11
1188622,2019-08-04,T20I,Central Broward Regional Park Stadium Turf Ground,Lauderhill,West Indies,0,0,1,India,bat,"['RG Sharma', 'S Dhawan', 'V Kohli', 'RR Pant', 'MK Pandey', 'KH Pandya', 'RA Jadeja', 'Washington Sundar', 'B Kumar', 'KK Ahmed', 'Navdeep Saini']",11
1188623,2019-08-06,T20I,"Providence Stadium, Guyana",Providence,West Indies,0,0,1,India,field,"['KL Rahul', 'S Dhawan', 'V Kohli', 'RR Pant', 'MK Pandey', 'KH Pandya', 'DL Chahar', 'Washington Sundar', 'B Kumar', 'RD Chahar', 'Navdeep Saini']",11
1188624,2019-08-08,ODI,"Providence Stadium, Guyana",Providence,West Indies,0,0,-1,India,field,"['RG Sharma', 'S Dhawan', 'V Kohli', 'SS Iyer', 'KM Jadhav', 'RR Pant', 'RA Jadeja', 'B Kumar', 'Kuldeep Yadav', 'Mohammed Shami', 'KK Ahmed']",11
1188625,2019-08-11,ODI,"Queen's Park Oval, Trinidad",Port of Spain,West Indies,0,1,1,India,bat,"['S Dhawan', 'RG Sharma', 'V Kohli', 'RR Pant', 'SS Iyer', 'KM Jadhav', 'RA Jadeja', 'B Kumar', 'Mohammed Shami', 'Kuldeep Yadav', 'KK Ahmed']",11
1188626,2019-08-14,ODI,"Queen's Park Oval, Trinidad",Port of Spain,West Indies,0,1,1,West Indies,bat,"['RG Sharma', 'S Dhawan', 'V Kohli', 'RR Pant', 'SS Iyer', 'KM Jadhav', 'RA Jadeja', 'B Kumar', 'Mohammed Shami', 'KK Ahmed', 'YS Chahal']",11
1188628,2019-08-22,TEST,"Sir Vivian Richards Stadium, Antigua",North Sound,West Indies,0,0,1,West Indies,field,"['KL Rahul', 'MA Agarwal', 'CA Pujara', 'V Kohli', 'AM Rahane', 'GH Vihari', 'RR Pant', 'RA Jadeja', 'I Sharma', 'Mohammed Shami', 'JJ Bumrah']",11
1188629,2019-08-30,TEST,"Sabina Park, Jamaica",Kingston,West Indies,0,0,1,West Indies,field,"['KL Rahul', 'MA Agarwal', 'CA Pujara', 'V Kohli', 'AM Rahane', 'GH Vihari', 'RR Pant', 'RA Jadeja', 'I Sharma', 'Mohammed Shami', 'JJ Bumrah']",11
1187005,2019-09-18,T20I,"Punjab Cricket Association IS Bindra Stadium, Mohali",Chandigarh,South Africa,1,0,1,India,field,"['RG Sharma', 'S Dhawan', 'V Kohli', 'RR Pant', 'SS Iyer', 'HH Pandya', 'RA Jadeja', 'KH Pandya', 'Washington Sundar', 'DL Chahar', 'Navdeep Saini']",11
1187006,2019-09-22,T20I,M.Chinnaswamy Stadium,Bengaluru,South Africa,1,0,0,India,bat,"['S Dhawan', 'RG Sharma', 'V Kohli', 'RR Pant', 'SS Iyer', 'HH Pandya', 'KH Pandya', 'RA Jadeja', 'Washington Sundar', 'DL Chahar', 'Navdeep Saini']",11
1187007,2019-10-02,TEST,Dr. Y.S. Rajasekhara Reddy ACA-VDCA Cricket Stadium,Visakhapatnam,South Africa,1,0,1,India,bat,"['MA Agarwal', 'RG Sharma', 'CA Pujara', 'V Kohli', 'AM Rahane', 'RA Jadeja', 'GH Vihari', 'WP Saha', 'R Ashwin', 'I Sharma', 'Mohammed Shami']",11
1187008,2019-10-10,TEST,Maharashtra Cricket Association Stadium,Pune,South Africa,1,0,1,India,bat,"['MA Agarwal', 'RG Sharma', 'CA Pujara', 'V Kohli', 'AM Rahane', 'RA Jadeja', 'WP Saha', 'R Ashwin', 'I Sharma', 'Mohammed Shami', 'UT Yadav']",11
1187009,2019-10-19,TEST,JSCA International Stadium Complex,Ranchi,South Africa,1,0,1,India,bat,"['MA Agarwal', 'RG Sharma', 'CA Pujara', 'V Kohli', 'AM Rahane', 'RA Jadeja', 'WP Saha', 'R Ashwin', 'UT Yadav', 'S Nadeem', 'Mohammed Shami']",11
1187013,2019-11-03,T20I,Arun Jaitley Stadium,Delhi,Bangladesh,1,0,0,Bangladesh,field,"['RG Sharma', 'S Dhawan', 'KL Rahul', 'SS Iyer', 'RR Pant', 'S Dube', 'KH Pandya', 'Washington Sundar', 'YS Chahal', 'DL Chahar', 'KK Ahmed']",11
1187014,2019-11-07,T20I,Saurashtra Cricket Association Stadium,Rajkot,Bangladesh,1,0,1,India,field,"['RG Sharma', 'S Dhawan', 'KL Rahul', 'SS Iyer', 'RR Pant', 'S Dube', 'KH Pandya', 'Washington Sundar', 'YS Chahal', 'DL Chahar', 'KK Ahmed']",11
1187015,2019-11-10,T20I,"Vidarbha Cricket Association Stadium, Jamtha",Nagpur,Bangladesh,1,0,1,Bangladesh,field,"['RG Sharma', 'S Dhawan', 'KL Rahul', 'SS Iyer', 'RR Pant', 'MK Pandey', 'S Dube', 'Washington Sundar', 'YS Chahal', 'DL Chahar', 'KK Ahmed']",11
1187016,2019-11-14,TEST,Holkar Cricket Stadium,Indore,Bangladesh,1,0,1,Bangladesh,bat,"['MA Agarwal', 'RG Sharma', 'CA Pujara', 'V Kohli', 'AM Rahane', 'RA Jadeja', 'WP Saha', 'UT Yadav', 'R Ashwin', 'I Sharma', 'Mohammed Shami']",11
1187017,2019-11-22,TEST,Eden Gardens,Kolkata,Bangladesh,1,0,1,Bangladesh,bat,"['MA Agarwal', 'RG Sharma', 'CA Pujara', 'V Kohli', 'AM Rahane', 'RA Jadeja', 'WP Saha', 'R Ashwin', 'UT Yadav', 'I Sharma', 'Mohammed Shami']",11
1187018,2019-12-06,T20I,"Rajiv Gandhi International Stadium, Uppal",Hyderabad,West Indies,1,0,1,India,field,"['RG Sharma', 'KL Rahul', 'V Kohli', 'RR Pant', 'SS Iyer', 'S Dube', 'RA Jadeja', 'Washington Sundar', 'DL Chahar', 'B Kumar', 'YS Chahal']",11
1187019,2019-12-08,T20I,Greenfield International Stadium,Thiruvananthapuram,West Indies,1,0,0,West Indies,field,"['RG Sharma', 'KL Rahul', 'S Dube', 'V Kohli', 'RR Pant', 'SS Iyer', 'RA Jadeja', 'Washington Sundar', 'DL Chahar', 'B Kumar', 'YS Chahal']",11
1187020,2019-12-11,T20I,Wankhede Stadium,Mumbai,West Indies,1,0,1,West Indies,field,"['RG Sharma', 'KL Rahul', 'RR Pant', 'V Kohli', 'SS Iyer', 'S Dube', 'Washington Sundar', 'Kuldeep Yadav', 'B Kumar', 'Mohammed Shami', 'DL Chahar']",11
1187021,2019-12-15,ODI,"MA Chidambaram Stadium, Chepauk",Chennai,West Indies,1,0,0,West Indies,field,"['RG Sharma', 'KL Rahul', 'V Kohli', 'SS Iyer', 'RR Pant', 'KM Jadhav', 'RA Jadeja', 'S Dube', 'DL Chahar', 'Mohammed Shami', 'Kuldeep Yadav']",11
1187022,2019-12-18,ODI,Dr. Y.S. Rajasekhara Reddy ACA-VDCA Cricket Stadium,Visakhapatnam,West Indies,1,0,1,West Indies,field,"['RG Sharma', 'KL Rahul', 'V Kohli', 'SS Iyer', 'RR Pant', 'KM Jadhav', 'RA Jadeja', 'DL Chahar', 'Mohammed Shami', 'SN Thakur', 'Kuldeep Yadav']",11
1187023,2019-12-22,ODI,Barabati Stadium,Cuttack,West Indies,1,0,1,India,field,"['RG Sharma', 'KL Rahul', 'V Kohli', 'SS Iyer', 'RR Pant', 'KM Jadhav', 'RA Jadeja', 'SN Thakur', 'Mohammed Shami', 'Kuldeep Yadav', 'Navdeep Saini']",11
1202243,2020-01-07,T20I,Holkar Cricket Stadium,Indore,Sri Lanka,1,0,1,India,field,"['KL Rahul', 'S Dhawan', 'SS Iyer', 'V Kohli', 'RR Pant', 'S Dube', 'Washington Sundar', 'SN Thakur', 'Kuldeep Yadav', 'JJ Bumrah', 'Navdeep Saini']",11
1202244,2020-01-10,T20I,Maharashtra Cricket Association Stadium,Pune,Sri Lanka,1,0,1,Sri Lanka,field,"['KL Rahul', 'S Dhawan', 'SV Samson', 'MK Pandey', 'SS Iyer', 'V Kohli', 'Washington Sundar', 'SN Thakur', 'YS Chahal', 'JJ Bumrah', 'Navdeep Saini']",11
1187027,2020-01-14,ODI,Wankhede Stadium,Mumbai,Australia,1,0,0,Australia,field,"['RG Sharma', 'S Dhawan', 'KL Rahul', 'V Kohli', 'SS Iyer', 'RR Pant', 'RA Jadeja', 'SN Thakur', 'Mohammed Shami', 'Kuldeep Yadav', 'JJ Bumrah']",11
1187028,2020-01-17,ODI,Saurashtra Cricket Association Stadium,Rajkot,Australia,1,0,1,Australia,field,"['RG Sharma', 'S Dhawan', 'V Kohli', 'SS Iyer', 'KL Rahul', 'MK Pandey', 'RA Jadeja', 'Mohammed Shami', 'Kuldeep Yadav', 'Navdeep Saini', 'JJ Bumrah']",11
1187029,2020-01-19,ODI,M.Chinnaswamy Stadium,Bengaluru,Australia,1,0,1,Australia,bat,"['RG Sharma', 'KL Rahul', 'V Kohli', 'SS Iyer', 'MK Pandey', 'S Dhawan', 'RA Jadeja', 'Mohammed Shami', 'Kuldeep Yadav', 'Navdeep Saini', 'JJ Bumrah']",11
1187677,2020-01-24,T20I,Eden Park,Auckland,New Zealand,0,1,1,India,field,"['RG Sharma', 'KL Rahul', 'V Kohli', 'SS Iyer', 'S Dube', 'MK Pandey', 'RA Jadeja', 'SN Thakur', 'YS Chahal', 'Mohammed Shami', 'JJ Bumrah']",11
1187678,2020-01-26,T20I,Eden Park,Auckland,New Zealand,0,1,1,New Zealand,bat,"['RG Sharma', 'KL Rahul', 'V Kohli', 'SS Iyer', 'S Dube', 'MK Pandey', 'RA Jadeja', 'SN Thakur', 'YS Chahal', 'Mohammed Shami', 'JJ Bumrah']",11
1187679,2020-01-29,T20I,Seddon Park,Hamilton,New Zealand,0,1,-1,New Zealand,field,"['RG Sharma', 'KL Rahul', 'S Dube', 'V Kohli', 'SS Iyer', 'MK Pandey', 'RA Jadeja', 'SN Thakur', 'YS Chahal', 'Mohammed Shami', 'JJ Bumrah']",11
1187680,2020-01-31,T20I,Westpac Stadium,Wellington,New Zealand,0,1,-1,New Zealand,field,"['KL Rahul', 'SV Samson', 'V Kohli', 'SS Iyer', 'S Dube', 'MK Pandey', 'Washington Sundar', 'SN Thakur', 'YS Chahal', 'Navdeep Saini', 'JJ Bumrah']",11
1187681,2020-02-02,T20I,Bay Oval,Mount Maunganui,New Zealand,0,1,1,India,bat,"['KL Rahul', 'SV Samson', 'RG Sharma', 'SS Iyer', 'S Dube', 'MK Pandey', 'Washington Sundar', 'SN Thakur', 'YS Chahal', 'JJ Bumrah', 'Navdeep Saini']",11
1187682,2020-02-05,ODI,Seddon Park,Hamilton,New Zealand,0,1,0,New Zealand,field,"['PP Shaw', 'MA Agarwal', 'V Kohli', 'SS Iyer', 'KL Rahul', 'KM Jadhav', 'RA Jadeja', 'SN Thakur', 'Kuldeep Yadav', 'Mohammed Shami', 'JJ Bumrah']",11
1187683,2020-02-08,ODI,Eden Park,Auckland,New Zealand,0,1,0,India,field,"['PP Shaw', 'MA Agarwal', 'V Kohli', 'SS Iyer', 'KL Rahul', 'KM Jadhav', 'RA Jadeja', 'SN Thakur', 'Navdeep Saini', 'YS Chahal', 'JJ Bumrah']",11
1187684,2020-02-11,ODI,Bay Oval,Mount Maunganui,New Zealand,0,1,0,New Zealand,field,"['PP Shaw', 'MA Agarwal', 'V Kohli', 'SS Iyer', 'KL Rahul', 'MK Pandey', 'RA Jadeja', 'SN Thakur', 'Navdeep Saini', 'YS Chahal', 'JJ Bumrah']",11
1187685,2020-02-21,TEST,Basin Reserve,Wellington,New Zealand,0,1,0,New Zealand,field,"['PP Shaw', 'MA Agarwal', 'CA Pujara', 'V Kohli', 'AM Rahane', 'GH Vihari', 'RR Pant', 'R Ashwin', 'I Sharma', 'Mohammed Shami', 'JJ Bumrah']",11
1187686,2020-02-29,TEST,Hagley Oval,Christchurch,New Zealand,0,1,0,New Zealand,field,"['PP Shaw', 'MA Agarwal', 'CA Pujara', 'V Kohli', 'AM Rahane', 'GH Vihari', 'RR Pant', 'RA Jadeja', 'UT Yadav', 'Mohammed Shami', 'JJ Bumrah']",11
1223955,2020-11-27,ODI,Sydney Cricket Ground,Unknown,Australia,0,1,0,Australia,bat,"['MA Agarwal', 'S Dhawan', 'V Kohli', 'SS Iyer', 'KL Rahul', 'HH Pandya', 'RA Jadeja', 'Navdeep Saini', 'Mohammed Shami', 'JJ Bumrah', 'YS Chahal']",11
1223956,2020-11-29,ODI,Sydney Cricket Ground,Unknown,Australia,0,1,0,Australia,bat,"['MA Agarwal', 'S Dhawan', 'V Kohli', 'SS Iyer', 'KL Rahul', 'HH Pandya', 'RA Jadeja', 'Navdeep Saini', 'Mohammed Shami', 'JJ Bumrah', 'YS Chahal']",11
1223957,2020-12-02,ODI,Manuka Oval,Canberra,Australia,0,1,1,India,bat,"['S Dhawan', 'Shubman Gill', 'V Kohli', 'SS Iyer', 'KL Rahul', 'HH Pandya', 'RA Jadeja', 'SN Thakur', 'Kuldeep Yadav', 'JJ Bumrah', 'T Natarajan']",11
1223952,2020-12-04,T20I,Manuka Oval,Canberra,Australia,0,1,1,Australia,field,"['KL Rahul', 'S Dhawan', 'V Kohli', 'SV Samson', 'MK Pandey', 'HH Pandya', 'RA Jadeja', 'Washington Sundar', 'DL Chahar', 'Mohammed Shami', 'T Natarajan', 'YS Chahal']",12
1223953,2020-12-06,T20I,Sydney Cricket Ground,Sydney,Australia,0,1,1,India,field,"['KL Rahul', 'S Dhawan', 'V Kohli', 'SV Samson', 'HH Pandya', 'SS Iyer', 'Washington Sundar', 'DL Chahar', 'SN Thakur', 'YS Chahal', 'T Natarajan']",11
1223954,2020-12-08,T20I,Sydney Cricket Ground,Sydney,Australia,0,1,0,India,field,"['KL Rahul', 'S Dhawan', 'V Kohli', 'SV Samson', 'SS Iyer', 'HH Pandya', 'Washington Sundar', 'SN Thakur', 'DL Chahar', 'YS Chahal', 'T Natarajan']",11
1223869,2020-12-17,TEST,Adelaide Oval,Adelaide,Australia,0,1,0,India,bat,"['PP Shaw', 'MA Agarwal', 'CA Pujara', 'JJ Bumrah', 'V Kohli', 'AM Rahane', 'GH Vihari', 'WP Saha', 'R Ashwin', 'UT Yadav', 'Mohammed Shami']",11
1223870,2020-12-26,TEST,Melbourne Cricket Ground,Melbourne,Australia,0,1,1,Australia,bat,"['MA Agarwal', 'Shubman Gill', 'CA Pujara', 'AM Rahane', 'GH Vihari', 'RR Pant', 'RA Jadeja', 'R Ashwin', 'UT Yadav', 'JJ Bumrah', 'Mohammed Siraj']",11
1223871,2021-01-07,TEST,Sydney Cricket Ground,Sydney,Australia,0,1,-1,Australia,bat,"['RG Sharma', 'Shubman Gill', 'CA Pujara', 'AM Rahane', 'RR Pant', 'GH Vihari', 'R Ashwin', 'RA Jadeja', 'Navdeep Saini', 'JJ Bumrah', 'Mohammed Siraj']",11
1223872,2021-01-15,TEST,Brisbane Cricket Ground,Brisbane,Australia,0,1,1,Australia,bat,"['RG Sharma', 'Shubman Gill', 'CA Pujara', 'AM Rahane', 'MA Agarwal', 'RR Pant', 'Washington Sundar', 'SN Thakur', 'Navdeep Saini', 'Mohammed Siraj', 'T Natarajan']",11
1243384,2021-02-05,TEST,MA Chidambaram Stadium,Chennai,England,1,0,0,England,bat,"['RG Sharma', 'Shubman Gill', 'CA Pujara', 'V Kohli', 'AM Rahane', 'RR Pant', 'Washington Sundar', 'R Ashwin', 'S Nadeem', 'I Sharma', 'JJ Bumrah']",11
1243385,2021-02-13,TEST,MA Chidambaram Stadium,Chennai,England,1,0,1,India,bat,"['RG Sharma', 'Shubman Gill', 'CA Pujara', 'V Kohli', 'RR Pant', 'AM Rahane', 'R Ashwin', 'AR Patel', 'Kuldeep Yadav', 'I Sharma', 'Mohammed Siraj']",11
1243386,2021-02-24,TEST,Narendra Modi Stadium,Ahmedabad,England,1,0,1,England,bat,"['RG Sharma', 'Shubman Gill', 'CA Pujara', 'V Kohli', 'AM Rahane', 'RR Pant', 'R Ashwin', 'Washington Sundar', 'AR Patel', 'I Sharma', 'JJ Bumrah']",11
1243387,2021-03-04,TEST,Narendra Modi Stadium,Ahmedabad,England,1,0,1,England,bat,"['Shubman Gill', 'RG Sharma', 'CA Pujara', 'V Kohli', 'AM Rahane', 'RR Pant', 'R Ashwin', 'Washington Sundar', 'AR Patel', 'I Sharma', 'Mohammed Siraj']",11
1243388,2021-03-12,T20I,Narendra Modi Stadium,Ahmedabad,England,1,0,0,England,field,"['KL Rahul', 'S Dhawan', 'V Kohli', 'SS Iyer', 'RR Pant', 'HH Pandya', 'AR Patel', 'Washington Sundar', 'B Kumar', 'SN Thakur', 'YS Chahal']",11
1243389,2021-03-14,T20I,Narendra Modi Stadium,Ahmedabad,England,1,0,1,India,field,"['KL Rahul', 'Ishan Kishan', 'V Kohli', 'RR Pant', 'SS Iyer', 'SA Yadav', 'HH Pandya', 'SN Thakur', 'Washington Sundar', 'B Kumar', 'YS Chahal']",11
1243390,2021-03-16,T20I,Narendra Modi Stadium,Ahmedabad,England,1,0,0,England,field,"['RG Sharma', 'KL Rahul', 'Ishan Kishan', 'V Kohli', 'RR Pant', 'SS Iyer', 'HH Pandya', 'SN Thakur', 'Washington Sundar', 'B Kumar', 'YS Chahal']",11
1243391,2021-03-18,T20I,Narendra Modi Stadium,Ahmedabad,England,1,0,1,England,field,"['RG Sharma', 'KL Rahul', 'SA Yadav', 'V Kohli', 'RR Pant', 'SS Iyer', 'HH Pandya', 'SN Thakur', 'Washington Sundar', 'B Kumar', 'RD Chahar']",11
1243392,2021-03-20,T20I,Narendra Modi Stadium,Ahmedabad,England,1,0,1,England,field,"['RG Sharma', 'V Kohli', 'SA Yadav', 'HH Pandya', 'RR Pant', 'SS Iyer', 'SN Thakur', 'Washington Sundar', 'B Kumar', 'RD Chahar', 'T Natarajan']",11
1243393,2021-03-23,ODI,Maharashtra Cricket Association Stadium,Pune,England,1,0,1,England,field,"['RG Sharma', 'S Dhawan', 'V Kohli', 'SS Iyer', 'KL Rahul', 'HH Pandya', 'KH Pandya', 'SN Thakur', 'B Kumar', 'Kuldeep Yadav', 'M Prasidh Krishna']",11
1243394,2021-03-26,ODI,Maharashtra Cricket Association Stadium,Pune,England,1,0,0,England,field,"['RG Sharma', 'S Dhawan', 'V Kohli', 'KL Rahul', 'RR Pant', 'HH Pandya', 'KH Pandya', 'SN Thakur', 'B Kumar', 'Kuldeep Yadav', 'M Prasidh Krishna']",11
1243395,2021-03-28,ODI,Maharashtra Cricket Association Stadium,Pune,England,1,0,1,England,field,"['RG Sharma', 'S Dhawan', 'V Kohli', 'RR Pant', 'KL Rahul', 'HH Pandya', 'KH Pandya', 'SN Thakur', 'B Kumar', 'M Prasidh Krishna', 'T Natarajan']",11
1249875,2021-06-18,TEST,"The Rose Bowl, Southampton",Southampton,New Zealand,0,0,0,New Zealand,field,"['RG Sharma', 'Shubman Gill', 'CA Pujara', 'V Kohli', 'AM Rahane', 'RR Pant', 'RA Jadeja', 'R Ashwin', 'I Sharma', 'JJ Bumrah', 'Mohammed Shami']",11
1262755,2021-07-18,ODI,"R Premadasa Stadium, Colombo",Colombo,Sri Lanka,0,0,1,Sri Lanka,bat,"['PP Shaw', 'S Dhawan', 'Ishan Kishan', 'MK Pandey', 'SA Yadav', 'HH Pandya', 'KH Pandya', 'B Kumar', 'DL Chahar', 'Kuldeep Yadav', 'YS Chahal']",11
1262756,2021-07-20,ODI,"R Premadasa Stadium, Colombo",Colombo,Sri Lanka,0,0,1,Sri Lanka,bat,"['PP Shaw', 'S Dhawan', 'Ishan Kishan', 'MK Pandey', 'SA Yadav', 'HH Pandya', 'KH Pandya', 'DL Chahar', 'B Kumar', 'Kuldeep Yadav', 'YS Chahal']",11
1262757,2021-07-23,ODI,"R Premadasa Stadium, Colombo",Colombo,Sri Lanka,0,0,0,India,bat,"['PP Shaw', 'S Dhawan', 'SV Samson', 'MK Pandey', 'SA Yadav', 'HH Pandya', 'N Rana', 'K Gowtham', 'RD Chahar', 'Navdeep Saini', 'C Sakariya']",11
1262758,2021-07-25,T20I,"R Premadasa Stadium, Colombo",Colombo,Sri Lanka,0,0,1,Sri Lanka,field,"['PP Shaw', 'S Dhawan', 'SV Samson', 'SA Yadav', 'HH Pandya', 'Ishan Kishan', 'KH Pandya', 'DL Chahar', 'B Kumar', 'YS Chahal', 'CV Varun']",11
1262759,2021-07-28,T20I,"R Premadasa Stadium, Colombo",Colombo,Sri Lanka,0,0,0,Sri Lanka,field,"['RD Gaikwad', 'S Dhawan', 'D Padikkal', 'SV Samson', 'N Rana', 'B Kumar', 'Navdeep Saini', 'Kuldeep Yadav', 'RD Chahar', 'C Sakariya', 'CV Varun']",11
1262760,2021-07-29,T20I,"R Premadasa Stadium, Colombo",Colombo,Sri Lanka,0,0,0,India,bat,"['RD Gaikwad', 'S Dhawan', 'D Padikkal', 'SV Samson', 'N Rana', 'B Kumar', 'Kuldeep Yadav', 'RD Chahar', 'CV Varun', 'C Sakariya', 'S Sandeep Warrier']",11
1239543,2021-08-04,TEST,"Trent Bridge, Nottingham",Nottingham,England,0,1,-1,England,bat,"['RG Sharma', 'KL Rahul', 'CA Pujara', 'V Kohli', 'AM Rahane', 'RR Pant', 'RA Jadeja', 'SN Thakur', 'Mohammed Shami', 'JJ Bumrah', 'Mohammed Siraj']",11
1239544,2021-08-12,TEST,"Lord's, London",London,England,0,1,1,England,field,"['RG Sharma', 'KL Rahul', 'CA Pujara', 'V Kohli', 'AM Rahane', 'RR Pant', 'RA Jadeja', 'Mohammed Shami', 'I Sharma', 'JJ Bumrah', 'Mohammed Siraj']",11
1239545,2021-08-25,TEST,"Headingley, Leeds",Leeds,England,0,1,0,India,bat,"['RG Sharma', 'KL Rahul', 'CA Pujara', 'V Kohli', 'AM Rahane', 'RR Pant', 'RA Jadeja', 'Mohammed Shami', 'I Sharma', 'JJ Bumrah', 'Mohammed Siraj']",11
1239546,2021-09-02,TEST,"Kennington Oval, London",London,England,0,1,1,England,field,"['RG Sharma', 'KL Rahul', 'CA Pujara', 'V Kohli', 'RA Jadeja', 'AM Rahane', 'RR Pant', 'SN Thakur', 'UT Yadav', 'JJ Bumrah', 'Mohammed Siraj']",11
1273727,2021-10-24,T20I,Dubai International Cricket Stadium,Dubai,Pakistan,0,0,0,Pakistan,field,"['KL Rahul', 'RG Sharma', 'V Kohli', 'SA Yadav', 'RR Pant', 'RA Jadeja', 'HH Pandya', 'B Kumar', 'Mohammed Shami', 'JJ Bumrah', 'CV Varun']",11
1273739,2021-10-31,T20I,Dubai International Cricket Stadium,Dubai,New Zealand,0,0,0,New Zealand,field,"['KL Rahul', 'Ishan Kishan', 'RG Sharma', 'V Kohli', 'RR Pant', 'HH Pandya', 'RA Jadeja', 'SN Thakur', 'Mohammed Shami', 'JJ Bumrah', 'CV Varun']",11
1273748,2021-11-05,T20I,Dubai International Cricket Stadium,Dubai,Scotland,0,0,1,India,field,"['KL Rahul', 'RG Sharma', 'V Kohli', 'SA Yadav', 'RR Pant', 'HH Pandya', 'RA Jadeja', 'R Ashwin', 'Mohammed Shami', 'JJ Bumrah', 'CV Varun']",11
1273753,2021-11-08,T20I,Dubai International Cricket Stadium,Dubai,Namibia,0,0,1,India,field,"['KL Rahul', 'RG Sharma', 'SA Yadav', 'V Kohli', 'RR Pant', 'HH Pandya', 'RA Jadeja', 'R Ashwin', 'Mohammed Shami', 'JJ Bumrah', 'RD Chahar']",11
1278671,2021-11-17,T20I,"Sawai Mansingh Stadium, Jaipur",Jaipur,New Zealand,1,0,1,India,field,"['KL Rahul', 'RG Sharma', 'SA Yadav', 'RR Pant', 'SS Iyer', 'VR Iyer', 'AR Patel', 'R Ashwin', 'B Kumar', 'DL Chahar', 'Mohammed Siraj']",11
1278672,2021-11-19,T20I,"JSCA International Stadium Complex, Ranchi",Ranchi,New Zealand,1,0,1,India,field,"['KL Rahul', 'RG Sharma', 'VR Iyer', 'SA Yadav', 'RR Pant', 'SS Iyer', 'AR Patel', 'R Ashwin', 'B Kumar', 'DL Chahar', 'HV Patel']",11
1278673,2021-11-21,T20I,"Eden Gardens, Kolkata",Kolkata,New Zealand,1,0,1,India,bat,"['RG Sharma', 'Ishan Kishan', 'SA Yadav', 'RR Pant', 'SS Iyer', 'VR Iyer', 'AR Patel', 'HV Patel', 'DL Chahar', 'B Kumar', 'YS Chahal']",11
1278674,2021-11-25,TEST,"Green Park, Kanpur",Kanpur,New Zealand,1,0,-1,India,bat,"['MA Agarwal', 'Shubman Gill', 'CA Pujara', 'AM Rahane', 'SS Iyer', 'RA Jadeja', 'WP Saha', 'R Ashwin', 'AR Patel', 'UT Yadav', 'I Sharma']",11
1278675,2021-12-03,TEST,"Wankhede Stadium, Mumbai",Mumbai,New Zealand,1,0,1,India,bat,"['MA Agarwal', 'Shubman Gill', 'CA Pujara', 'V Kohli', 'SS Iyer', 'WP Saha', 'R Ashwin', 'AR Patel', 'J Yadav', 'UT Yadav', 'Mohammed Siraj']",11
1277079,2021-12-26,TEST,"SuperSport Park, Centurion",Centurion,South Africa,0,1,1,India,bat,"['KL Rahul', 'MA Agarwal', 'CA Pujara', 'V Kohli', 'AM Rahane', 'RR Pant', 'R Ashwin', 'SN Thakur', 'Mohammed Shami', 'JJ Bumrah', 'Mohammed Siraj']",11
1277080,2022-01-03,TEST,"The Wanderers Stadium, Johannesburg",Johannesburg,South Africa,0,1,0,India,bat,"['KL Rahul', 'MA Agarwal', 'CA Pujara', 'AM Rahane', 'GH Vihari', 'RR Pant', 'R Ashwin', 'SN Thakur', 'Mohammed Shami', 'JJ Bumrah', 'Mohammed Siraj']",11
1277081,2022-01-11,TEST,"Newlands, Cape Town",Cape Town,South Africa,0,1,0,India,bat,"['KL Rahul', 'MA Agarwal', 'CA Pujara', 'V Kohli', 'AM Rahane', 'RR Pant', 'R Ashwin', 'SN Thakur', 'JJ Bumrah', 'UT Yadav', 'Mohammed Shami']",11
1277082,2022-01-19,ODI,"Boland Park, Paarl",Paarl,South Africa,0,0,0,South Africa,bat,"['KL Rahul', 'S Dhawan', 'V Kohli', 'RR Pant', 'SS Iyer', 'VR Iyer', 'R Ashwin', 'SN Thakur', 'B Kumar', 'JJ Bumrah', 'YS Chahal']",11
1277083,2022-01-21,ODI,"Boland Park, Paarl",Paarl,South Africa,0,0,0,India,bat,"['KL Rahul', 'S Dhawan', 'V Kohli', 'RR Pant', 'SS Iyer', 'VR Iyer', 'SN Thakur', 'R Ashwin', 'B Kumar', 'JJ Bumrah', 'YS Chahal']",11
1277084,2022-01-23,ODI,"Newlands, Cape Town",Cape Town,South Africa,0,1,0,India,field,"['KL Rahul', 'S Dhawan', 'V Kohli', 'RR Pant', 'SS Iyer', 'SA Yadav', 'DL Chahar', 'J Yadav', 'JJ Bumrah', 'YS Chahal', 'M Prasidh Krishna']",11
1278676,2022-02-06,ODI,"Narendra Modi Stadium, Ahmedabad",Ahmedabad,West Indies,1,0,1,India,field,"['RG Sharma', 'Ishan Kishan', 'V Kohli', 'RR Pant', 'SA Yadav', 'DJ Hooda', 'Washington Sundar', 'SN Thakur', 'Mohammed Siraj', 'YS Chahal', 'M Prasidh Krishna']",11
1278677,2022-02-09,ODI,"Narendra Modi Stadium, Ahmedabad",Ahmedabad,West Indies,1,0,1,West Indies,field,"['RG Sharma', 'RR Pant', 'V Kohli', 'KL Rahul', 'SA Yadav', 'Washington Sundar', 'DJ Hooda', 'SN Thakur', 'Mohammed Siraj', 'YS Chahal', 'M Prasidh Krishna']",11
1278678,2022-02-11,ODI,"Narendra Modi Stadium, Ahmedabad",Ahmedabad,West Indies,1,0,1,India,bat,"['RG Sharma', 'S Dhawan', 'V Kohli', 'SS Iyer', 'RR Pant', 'SA Yadav', 'Washington Sundar', 'DL Chahar', 'Kuldeep Yadav', 'Mohammed Siraj', 'M Prasidh Krishna']",11
1278679,2022-02-16,T20I,"Eden Gardens, Kolkata",Kolkata,West Indies,1,0,1,India,field,"['RG Sharma', 'Ishan Kishan', 'V Kohli', 'RR Pant', 'SA Yadav', 'VR Iyer', 'DL Chahar', 'HV Patel', 'Ravi Bishnoi', 'B Kumar', 'YS Chahal']",11
1278680,2022-02-18,T20I,"Eden Gardens, Kolkata",Kolkata,West Indies,1,0,1,West Indies,field,"['RG Sharma', 'Ishan Kishan', 'V Kohli', 'SA Yadav', 'RR Pant', 'VR Iyer', 'HV Patel', 'DL Chahar', 'Ravi Bishnoi', 'B Kumar', 'YS Chahal']",11
1278681,2022-02-20,T20I,"Eden Gardens, Kolkata",Kolkata,West Indies,1,0,1,West Indies,field,"['RD Gaikwad', 'Ishan Kishan', 'SS Iyer', 'RG Sharma', 'SA Yadav', 'VR Iyer', 'SN Thakur', 'DL Chahar', 'HV Patel', 'Ravi Bishnoi', 'Avesh Khan']",11
1278684,2022-02-24,T20I,"Bharat Ratna Shri Atal Bihari Vajpayee Ekana Cricket Stadium, Lucknow",Lucknow,Sri Lanka,1,0,1,Sri Lanka,field,"['RG Sharma', 'Ishan Kishan', 'SS Iyer', 'RA Jadeja', 'SV Samson', 'VR Iyer', 'DJ Hooda', 'HV Patel', 'B Kumar', 'JJ Bumrah', 'YS Chahal']",11
1278685,2022-02-26,T20I,"Himachal Pradesh Cricket Association Stadium, Dharamsala",Dharamsala,Sri Lanka,1,0,1,India,field,"['RG Sharma', 'Ishan Kishan', 'SS Iyer', 'SV Samson', 'RA Jadeja', 'VR Iyer', 'DJ Hooda', 'HV Patel', 'B Kumar', 'JJ Bumrah', 'YS Chahal']",11
1278686,2022-02-27,T20I,"Himachal Pradesh Cricket Association Stadium, Dharamsala",Dharamsala,Sri Lanka,1,0,1,Sri Lanka,bat,"['SV Samson', 'RG Sharma', 'SS Iyer', 'DJ Hooda', 'VR Iyer', 'RA Jadeja', 'HV Patel', 'Kuldeep Yadav', 'Ravi Bishnoi', 'Mohammed Siraj', 'Avesh Khan']",11
1278682,2022-03-04,TEST,"Punjab Cricket Association IS Bindra Stadium, Mohali, Chandigarh",Chandigarh,Sri Lanka,1,0,1,India,bat,"['MA Agarwal', 'RG Sharma', 'GH Vihari', 'V Kohli', 'RR Pant', 'SS Iyer', 'RA Jadeja', 'R Ashwin', 'J Yadav', 'Mohammed Shami', 'JJ Bumrah']",11
1278683,2022-03-12,TEST,"M Chinnaswamy Stadium, Bengaluru",Bengaluru,Sri Lanka,1,0,1,India,bat,"['MA Agarwal', 'RG Sharma', 'GH Vihari', 'V Kohli', 'RR Pant', 'SS Iyer', 'RA Jadeja', 'R Ashwin', 'AR Patel', 'Mohammed Shami', 'JJ Bumrah']",11
1278687,2022-06-09,T20I,"Arun Jaitley Stadium, Delhi",Delhi,South Africa,1,0,0,South Africa,field,"['Ishan Kishan', 'RD Gaikwad', 'SS Iyer', 'RR Pant', 'HH Pandya', 'KD Karthik', 'AR Patel', 'HV Patel', 'B Kumar', 'Avesh Khan', 'YS Chahal']",11
1278688,2022-06-12,T20I,"Barabati Stadium, Cuttack",Cuttack,South Africa,1,0,0,South Africa,field,"['RD Gaikwad', 'Ishan Kishan', 'SS Iyer', 'RR Pant', 'HH Pandya', 'AR Patel', 'KD Karthik', 'HV Patel', 'B Kumar', 'Avesh Khan', 'YS Chahal']",11
1278689,2022-06-14,T20I,"Dr. Y.S. Rajasekhara Reddy ACA-VDCA Cricket Stadium, Visakhapatnam",Visakhapatnam,South Africa,1,0,1,South Africa,field,"['RD Gaikwad', 'Ishan Kishan', 'SS Iyer', 'RR Pant', 'HH Pandya', 'KD Karthik', 'AR Patel', 'HV Patel', 'B Kumar', 'Avesh Khan', 'YS Chahal']",11
1278690,2022-06-17,T20I,"Saurashtra Cricket Association Stadium, Rajkot",Rajkot,South Africa,1,0,1,South Africa,field,"['RD Gaikwad', 'Ishan Kishan', 'SS Iyer', 'RR Pant', 'HH Pandya', 'KD Karthik', 'AR Patel', 'HV Patel', 'B Kumar', 'Avesh Khan', 'YS Chahal']",11
1278691,2022-06-19,T20I,"M Chinnaswamy Stadium, Bangalore",Bengaluru,South Africa,1,0,-1,South Africa,field,"['Ishan Kishan', 'RD Gaikwad', 'SS Iyer', 'RR Pant', 'HH Pandya', 'KD Karthik', 'AR Patel', 'HV Patel', 'B Kumar', 'Avesh Khan', 'YS Chahal']",11
1303307,2022-06-26,T20I,"The Village, Malahide, Dublin",Dublin,Ireland,0,0,1,India,field,"['DJ Hooda', 'Ishan Kishan', 'SA Yadav', 'HH Pandya', 'KD Karthik', 'RD Gaikwad', 'AR Patel', 'B Kumar', 'Avesh Khan', 'YS Chahal', 'Umran Malik']",11
1303308,2022-06-28,T20I,"The Village, Malahide, Dublin",Dublin,Ireland,0,0,1,India,bat,"['SV Samson', 'Ishan Kishan', 'DJ Hooda', 'SA Yadav', 'HH Pandya', 'KD Karthik', 'AR Patel', 'HV Patel', 'B Kumar', 'Ravi Bishnoi', 'Umran Malik']",11
1320741,2022-07-01,TEST,"Edgbaston, Birmingham",Birmingham,England,0,1,0,England,field,"['Shubman Gill', 'CA Pujara', 'GH Vihari', 'V Kohli', 'RR Pant', 'SS Iyer', 'RA Jadeja', 'SN Thakur', 'Mohammed Shami', 'JJ Bumrah', 'Mohammed Siraj']",11
1276904,2022-07-07,T20I,"The Rose Bowl, Southampton",Southampton,England,0,0,1,India,bat,"['RG Sharma', 'Ishan Kishan', 'DJ Hooda', 'SA Yadav', 'HH Pandya', 'AR Patel', 'KD Karthik', 'HV Patel', 'B Kumar', 'Arshdeep Singh', 'YS Chahal']",11
1276905,2022-07-09,T20I,"Edgbaston, Birmingham",Birmingham,England,0,1,1,England,field,"['RG Sharma', 'RR Pant', 'V Kohli', 'SA Yadav', 'HH Pandya', 'RA Jadeja', 'KD Karthik', 'HV Patel', 'B Kumar', 'JJ Bumrah', 'YS Chahal']",11
1276906,2022-07-10,T20I,"Trent Bridge, Nottingham",Nottingham,England,0,1,0,England,bat,"['RG Sharma', 'RR Pant', 'V Kohli', 'SA Yadav', 'SS Iyer', 'KD Karthik', 'RA Jadeja', 'HV Patel', 'Avesh Khan', 'Ravi Bishnoi', 'Umran Malik']",11
1276907,2022-07-12,ODI,"Kennington Oval, London",London,England,0,1,1,India,field,"['RG Sharma', 'S Dhawan', 'SS Iyer', 'SA Yadav', 'RR Pant', 'HH Pandya', 'RA Jadeja', 'Mohammed Shami', 'JJ Bumrah', 'YS Chahal', 'M Prasidh Krishna']",11
1276908,2022-07-14,ODI,"Lord's, London",London,England,0,1,0,India,field,"['RG Sharma', 'S Dhawan', 'V Kohli', 'RR Pant', 'SA Yadav', 'HH Pandya', 'RA Jadeja', 'Mohammed Shami', 'JJ Bumrah', 'YS Chahal', 'M Prasidh Krishna']",11
1276909,2022-07-17,ODI,"Old Trafford, Manchester",Manchester,England,0,1,1,India,field,"['RG Sharma', 'S Dhawan', 'V Kohli', 'RR Pant', 'SA Yadav', 'HH Pandya', 'RA Jadeja', 'Mohammed Shami', 'YS Chahal', 'M Prasidh Krishna', 'Mohammed Siraj']",11
1317900,2022-07-22,ODI,"Queen's Park Oval, Port of Spain, Trinidad",Port of Spain,West Indies,0,1,1,West Indies,field,"['S Dhawan', 'Shubman Gill', 'SS Iyer', 'SA Yadav', 'SV Samson', 'DJ Hooda', 'AR Patel', 'SN Thakur', 'Mohammed Siraj', 'YS Chahal', 'M Prasidh Krishna']",11
1317901,2022-07-24,ODI,"Queen's Park Oval, Port of Spain, Trinidad",Port of Spain,West Indies,0,1,1,West Indies,bat,"['S Dhawan', 'Shubman Gill', 'SS Iyer', 'SA Yadav', 'SV Samson', 'DJ Hooda', 'AR Patel', 'SN Thakur', 'Avesh Khan', 'Mohammed Siraj', 'YS Chahal']",11
1317902,2022-07-27,ODI,"Queen's Park Oval, Port of Spain, Trinidad",Port of Spain,West Indies,0,1,1,India,bat,"['S Dhawan', 'Shubman Gill', 'SS Iyer', 'SA Yadav', 'SV Samson', 'DJ Hooda', 'AR Patel', 'SN Thakur', 'YS Chahal', 'Mohammed Siraj', 'M Prasidh Krishna']",11
1317903,2022-07-29,T20I,"Brian Lara Stadium, Tarouba, Trinidad",Tarouba,West Indies,0,0,1,West Indies,field,"['RG Sharma', 'SA Yadav', 'SS Iyer', 'RR Pant', 'HH Pandya', 'RA Jadeja', 'KD Karthik', 'R Ashwin', 'Ravi Bishnoi', 'B Kumar', 'Arshdeep Singh']",11
1317904,2022-08-01,T20I,"Warner Park, Basseterre, St Kitts",Basseterre,West Indies,0,0,0,West Indies,field,"['RG Sharma', 'SA Yadav', 'SS Iyer', 'RR Pant', 'HH Pandya', 'RA Jadeja', 'KD Karthik', 'R Ashwin', 'B Kumar', 'Avesh Khan', 'Arshdeep Singh']",11
1317905,2022-08-02,T20I,"Warner Park, Basseterre, St Kitts",Basseterre,West Indies,0,0,1,India,field,"['RG Sharma', 'SA Yadav', 'SS Iyer', 'RR Pant', 'HH Pandya', 'DJ Hooda', 'KD Karthik', 'R Ashwin', 'B Kumar', 'Avesh Khan', 'Arshdeep Singh']",11
1317906,2022-08-06,T20I,"Central Broward Regional Park Stadium Turf Ground, Lauderhill",Lauderhill,West Indies,0,0,1,West Indies,field,"['RG Sharma', 'SA Yadav', 'DJ Hooda', 'RR Pant', 'SV Samson', 'KD Karthik', 'AR Patel', 'Ravi Bishnoi', 'B Kumar', 'Avesh Khan', 'Arshdeep Singh']",11
1317907,2022-08-07,T20I,"Central Broward Regional Park Stadium Turf Ground, Lauderhill",Lauderhill,West Indies,0,0,1,India,bat,"['Ishan Kishan', 'SS Iyer', 'DJ Hooda', 'SV Samson', 'HH Pandya', 'KD Karthik', 'AR Patel', 'Kuldeep Yadav', 'Avesh Khan', 'Ravi Bishnoi', 'Arshdeep Singh']",11
1325549,2022-08-18,ODI,Harare Sports Club,Harare,Zimbabwe,0,0,1,India,field,"['S Dhawan', 'Shubman Gill', 'Ishan Kishan', 'KL Rahul', 'DJ Hooda', 'SV Samson', 'AR Patel', 'DL Chahar', 'Kuldeep Yadav', 'M Prasidh Krishna', 'Mohammed Siraj']",11
1325550,2022-08-20,ODI,Harare Sports Club,Harare,Zimbabwe,0,0,1,India,field,"['S Dhawan', 'KL Rahul', 'Shubman Gill', 'Ishan Kishan', 'DJ Hooda', 'SV Samson', 'AR Patel', 'SN Thakur', 'Kuldeep Yadav', 'M Prasidh Krishna', 'Mohammed Siraj']",11
1325551,2022-08-22,ODI,Harare Sports Club,Harare,Zimbabwe,0,0,1,India,bat,"['S Dhawan', 'KL Rahul', 'Shubman Gill', 'Ishan Kishan', 'DJ Hooda', 'SV Samson', 'AR Patel', 'SN Thakur', 'DL Chahar', 'Kuldeep Yadav', 'Avesh Khan']",11
1327270,2022-08-28,T20I,Dubai International Cricket Stadium,Dubai,Pakistan,0,0,1,India,field,"['RG Sharma', 'KL Rahul', 'V Kohli', 'RA Jadeja', 'SA Yadav', 'HH Pandya', 'KD Karthik', 'B Kumar', 'YS Chahal', 'Avesh Khan', 'Arshdeep Singh']",11
1327272,2022-08-31,T20I,Dubai International Cricket Stadium,Dubai,Hong Kong,0,0,1,Hong Kong,field,"['KL Rahul', 'RG Sharma', 'V Kohli', 'SA Yadav', 'RR Pant', 'KD Karthik', 'RA Jadeja', 'B Kumar', 'Avesh Khan', 'Arshdeep Singh', 'YS Chahal']",11
1327276,2022-09-04,T20I,Dubai International Cricket Stadium,Dubai,Pakistan,0,0,0,Pakistan,field,"['KL Rahul', 'RG Sharma', 'V Kohli', 'SA Yadav', 'RR Pant', 'HH Pandya', 'DJ Hooda', 'B Kumar', 'Ravi Bishnoi', 'Arshdeep Singh', 'YS Chahal']",11
1327277,2022-09-06,T20I,Dubai International Cricket Stadium,Dubai,Sri Lanka,0,0,0,Sri Lanka,field,"['KL Rahul', 'RG Sharma', 'V Kohli', 'SA Yadav', 'HH Pandya', 'RR Pant', 'DJ Hooda', 'R Ashwin', 'B Kumar', 'Arshdeep Singh', 'YS Chahal']",11
1327503,2022-09-20,T20I,"Punjab Cricket Association IS Bindra Stadium, Mohali, Chandigarh",Chandigarh,Australia,1,0,0,Australia,field,"['KL Rahul', 'RG Sharma', 'V Kohli', 'SA Yadav', 'HH Pandya', 'AR Patel', 'KD Karthik', 'HV Patel', 'B Kumar', 'UT Yadav', 'YS Chahal']",11
1327504,2022-09-23,T20I,"Vidarbha Cricket Association Stadium, Jamtha, Nagpur",Nagpur,Australia,1,0,1,India,field,"['KL Rahul', 'RG Sharma', 'V Kohli', 'SA Yadav', 'HH Pandya', 'KD Karthik', 'RR Pant', 'HV Patel', 'AR Patel', 'JJ Bumrah', 'YS Chahal']",11
1327505,2022-09-25,T20I,"Rajiv Gandhi International Stadium, Uppal, Hyderabad",Hyderabad,Australia,1,0,1,India,field,"['KL Rahul', 'RG Sharma', 'V Kohli', 'SA Yadav', 'HH Pandya', 'KD Karthik', 'AR Patel', 'HV Patel', 'B Kumar', 'JJ Bumrah', 'YS Chahal']",11
1327506,2022-09-28,T20I,"Greenfield International Stadium, Thiruvananthapuram",Thiruvananthapuram,South Africa,1,0,1,India,field,"['KL Rahul', 'RG Sharma', 'V Kohli', 'SA Yadav', 'RR Pant', 'KD Karthik', 'AR Patel', 'HV Patel', 'R Ashwin', 'DL Chahar', 'Arshdeep Singh']",11
1327507,2022-10-02,T20I,"Barsapara Cricket Stadium, Guwahati",Guwahati,South Africa,1,0,1,South Africa,field,"['KL Rahul', 'RG Sharma', 'V Kohli', 'SA Yadav', 'KD Karthik', 'RR Pant', 'AR Patel', 'HV Patel', 'R Ashwin', 'DL Chahar', 'Arshdeep Singh']",11
1327508,2022-10-04,T20I,"Holkar Cricket Stadium, Indore",Indore,South Africa,1,0,0,India,field,"['RG Sharma', 'RR Pant', 'SS Iyer', 'KD Karthik', 'SA Yadav', 'AR Patel', 'HV Patel', 'R Ashwin', 'DL Chahar', 'UT Yadav', 'Mohammed Siraj']",11
1327509,2022-10-06,ODI,"Bharat Ratna Shri Atal Bihari Vajpayee Ekana Cricket Stadium, Lucknow",Lucknow,South Africa,1,0,0,India,field,"['S Dhawan', 'Shubman Gill', 'RD Gaikwad', 'Ishan Kishan', 'SS Iyer', 'SV Samson', 'SN Thakur', 'Kuldeep Yadav', 'Avesh Khan', 'Ravi Bishnoi', 'Mohammed Siraj']",11
1327510,2022-10-09,ODI,"JSCA International Stadium Complex, Ranchi",Ranchi,South Africa,1,0,1,South Africa,bat,"['S Dhawan', 'Shubman Gill', 'Ishan Kishan', 'SS Iyer', 'SV Samson', 'SN Thakur', 'Washington Sundar', 'Shahbaz Ahmed', 'Kuldeep Yadav', 'Avesh Khan', 'Mohammed Siraj']",11
1327511,2022-10-11,ODI,"Arun Jaitley Stadium, Delhi",Delhi,South Africa,1,0,1,India,field,"['S Dhawan', 'Shubman Gill', 'Ishan Kishan', 'SS Iyer', 'SV Samson', 'SN Thakur', 'Washington Sundar', 'Shahbaz Ahmed', 'Kuldeep Yadav', 'Avesh Khan', 'Mohammed Siraj']",11
1298150,2022-10-23,T20I,Melbourne Cricket Ground,Melbourne,Pakistan,0,1,1,India,field,"['KL Rahul', 'RG Sharma', 'V Kohli', 'SA Yadav', 'AR Patel', 'HH Pandya', 'KD Karthik', 'R Ashwin', 'Mohammed Shami', 'B Kumar', 'Arshdeep Singh']",11
1298157,2022-10-27,T20I,Sydney Cricket Ground,Sydney,Netherlands,0,1,1,India,bat,"['KL Rahul', 'RG Sharma', 'V Kohli', 'SA Yadav', 'AR Patel', 'HH Pandya', 'KD Karthik', 'R Ashwin', 'Mohammed Shami', 'B Kumar', 'Arshdeep Singh']",11
1298164,2022-10-30,T20I,Perth Stadium,Perth,South Africa,0,1,0,India,bat,"['KL Rahul', 'RG Sharma', 'V Kohli', 'SA Yadav', 'DJ Hooda', 'HH Pandya', 'KD Karthik', 'R Ashwin', 'B Kumar', 'Mohammed Shami', 'Arshdeep Singh']",11
1298169,2022-11-02,T20I,Adelaide Oval,Adelaide,Bangladesh,0,1,1,Bangladesh,field,"['KL Rahul', 'RG Sharma', 'V Kohli', 'SA Yadav', 'HH Pandya', 'KD Karthik', 'AR Patel', 'R Ashwin', 'B Kumar', 'Mohammed Shami', 'Arshdeep Singh']",11
1298176,2022-11-06,T20I,Melbourne Cricket Ground,Melbourne,Zimbabwe,0,1,1,India,bat,"['KL Rahul', 'RG Sharma', 'V Kohli', 'SA Yadav', 'RR Pant', 'HH Pandya', 'AR Patel', 'R Ashwin', 'B Kumar', 'Mohammed Shami', 'Arshdeep Singh']",11
1298178,2022-11-10,T20I,Adelaide Oval,Adelaide,England,0,1,0,England,field,"['KL Rahul', 'RG Sharma', 'V Kohli', 'SA Yadav', 'HH Pandya', 'RR Pant', 'R Ashwin', 'AR Patel', 'B Kumar', 'Mohammed Shami', 'Arshdeep Singh']",11
1322276,2022-11-20,T20I,"Bay Oval, Mount Maunganui",Mount Maunganui,New Zealand,0,1,1,New Zealand,field,"['Ishan Kishan', 'RR Pant', 'SA Yadav', 'SS Iyer', 'HH Pandya', 'DJ Hooda', 'Washington Sundar', 'B Kumar', 'Arshdeep Singh', 'Mohammed Siraj', 'YS Chahal']",11
1322277,2022-11-22,T20I,"McLean Park, Napier",Napier,New Zealand,0,0,-1,New Zealand,bat,"['Ishan Kishan', 'RR Pant', 'SA Yadav', 'SS Iyer', 'HH Pandya', 'DJ Hooda', 'HV Patel', 'B Kumar', 'Arshdeep Singh', 'Mohammed Siraj', 'YS Chahal']",11
1322278,2022-11-25,ODI,"Eden Park, Auckland",Auckland,New Zealand,0,1,0,New Zealand,field,"['S Dhawan', 'Shubman Gill', 'SS Iyer', 'RR Pant', 'SA Yadav', 'SV Samson', 'Washington Sundar', 'SN Thakur', 'Umran Malik', 'Arshdeep Singh', 'YS Chahal']",11
1322279,2022-11-27,ODI,"Seddon Park, Hamilton",Hamilton,New Zealand,0,1,-1,New Zealand,field,"['S Dhawan', 'Shubman Gill', 'SA Yadav', 'SS Iyer', 'RR Pant', 'DJ Hooda', 'Washington Sundar', 'DL Chahar', 'Umran Malik', 'Arshdeep Singh', 'YS Chahal']",11
1322280,2022-11-30,ODI,"Hagley Oval, Christchurch",Christchurch,New Zealand,0,1,-1,New Zealand,field,"['S Dhawan', 'Shubman Gill', 'SS Iyer', 'RR Pant', 'SA Yadav', 'DJ Hooda', 'Washington Sundar', 'DL Chahar', 'YS Chahal', 'Arshdeep Singh', 'Umran Malik']",11
1340845,2022-12-04,ODI,"Shere Bangla National Stadium, Mirpur",Dhaka,Bangladesh,0,0,0,Bangladesh,field,"['RG Sharma', 'S Dhawan', 'V Kohli', 'SS Iyer', 'KL Rahul', 'Washington Sundar', 'Shahbaz Ahmed', 'SN Thakur', 'DL Chahar', 'Mohammed Siraj', 'KR Sen']",11
1340846,2022-12-07,ODI,"Shere Bangla National Stadium, Mirpur",Dhaka,Bangladesh,0,0,0,Bangladesh,bat,"['V Kohli', 'S Dhawan', 'SS Iyer', 'Washington Sundar', 'KL Rahul', 'AR Patel', 'SN Thakur', 'DL Chahar', 'RG Sharma', 'Mohammed Siraj', 'Umran Malik']",11
1340847,2022-12-10,ODI,"Zahur Ahmed Chowdhury Stadium, Chattogram",Chattogram,Bangladesh,0,0,1,Bangladesh,field,"['S Dhawan', 'Ishan Kishan', 'V Kohli', 'SS Iyer', 'KL Rahul', 'Washington Sundar', 'AR Patel', 'SN Thakur', 'Kuldeep Yadav', 'Mohammed Siraj', 'Umran Malik']",11
1340848,2022-12-14,TEST,"Zahur Ahmed Chowdhury Stadium, Chattogram",Chattogram,Bangladesh,0,0,1,India,bat,"['KL Rahul', 'Shubman Gill', 'CA Pujara', 'V Kohli', 'RR Pant', 'SS Iyer', 'AR Patel', 'R Ashwin', 'Kuldeep Yadav', 'UT Yadav', 'Mohammed Siraj']",11
1340849,2022-12-22,TEST,"Shere Bangla National Stadium, Mirpur",Dhaka,Bangladesh,0,0,1,Bangladesh,bat,"['KL Rahul', 'Shubman Gill', 'CA Pujara', 'V Kohli', 'RR Pant', 'SS Iyer', 'AR Patel', 'R Ashwin', 'JD Unadkat', 'UT Yadav', 'Mohammed Siraj']",11
1348640,2023-01-03,T20I,"Wankhede Stadium, Mumbai",Mumbai,Sri Lanka,1,0,1,Sri Lanka,field,"['Ishan Kishan', 'Shubman Gill', 'SA Yadav', 'SV Samson', 'HH Pandya', 'DJ Hooda', 'AR Patel', 'HV Patel', 'Shivam Mavi', 'Umran Malik', 'YS Chahal']",11
1348641,2023-01-05,T20I,"Maharashtra Cricket Association Stadium, Pune",Pune,Sri Lanka,1,0,0,India,field,"['Ishan Kishan', 'Shubman Gill', 'RA Tripathi', 'SA Yadav', 'HH Pandya', 'DJ Hooda', 'AR Patel', 'Shivam Mavi', 'Umran Malik', 'YS Chahal', 'Arshdeep Singh']",11
1348642,2023-01-07,T20I,"Saurashtra Cricket Association Stadium, Rajkot",Rajkot,Sri Lanka,1,0,1,India,bat,"['Ishan Kishan', 'Shubman Gill', 'RA Tripathi', 'SA Yadav', 'HH Pandya', 'DJ Hooda', 'AR Patel', 'Shivam Mavi', 'Umran Malik', 'YS Chahal', 'Arshdeep Singh']",11
1348643,2023-01-10,ODI,"Barsapara Cricket Stadium, Guwahati",Guwahati,Sri Lanka,1,0,1,Sri Lanka,field,"['RG Sharma', 'Shubman Gill', 'V Kohli', 'SS Iyer', 'KL Rahul', 'HH Pandya', 'AR Patel', 'Mohammed Shami', 'Mohammed Siraj', 'YS Chahal', 'Umran Malik']",11
1348644,2023-01-12,ODI,"Eden Gardens, Kolkata",Kolkata,Sri Lanka,1,0,1,Sri Lanka,bat,"['RG Sharma', 'Shubman Gill', 'V Kohli', 'SS Iyer', 'KL Rahul', 'HH Pandya', 'AR Patel', 'Kuldeep Yadav', 'Mohammed Shami', 'Mohammed Siraj', 'Umran Malik']",11
1348645,2023-01-15,ODI,"Greenfield International Stadium, Thiruvananthapuram",Thiruvananthapuram,Sri Lanka,1,0,1,India,bat,"['RG Sharma', 'Shubman Gill', 'V Kohli', 'SS Iyer', 'KL Rahul', 'SA Yadav', 'AR Patel', 'Washington Sundar', 'Kuldeep Yadav', 'Mohammed Shami', 'Mohammed Siraj']",11
1348646,2023-01-18,ODI,"Rajiv Gandhi International Stadium, Uppal, Hyderabad",Hyderabad,New Zealand,1,0,1,India,bat,"['RG Sharma', 'Shubman Gill', 'V Kohli', 'Ishan Kishan', 'SA Yadav', 'HH Pandya', 'Washington Sundar', 'SN Thakur', 'Kuldeep Yadav', 'Mohammed Shami', 'Mohammed Siraj']",11
1348647,2023-01-21,ODI,"Shaheed Veer Narayan Singh International Stadium, Raipur",Raipur,New Zealand,0,0,1,India,field,"['RG Sharma', 'Shubman Gill', 'V Kohli', 'Ishan Kishan', 'SA Yadav', 'HH Pandya', 'Washington Sundar', 'SN Thakur', 'Kuldeep Yadav', 'Mohammed Shami', 'Mohammed Siraj']",11
1348648,2023-01-24,ODI,"Holkar Cricket Stadium, Indore",Indore,New Zealand,1,0,1,New Zealand,field,"['RG Sharma', 'Shubman Gill', 'V Kohli', 'Ishan Kishan', 'SA Yadav', 'HH Pandya', 'Washington Sundar', 'SN Thakur', 'Kuldeep Yadav', 'Umran Malik', 'YS Chahal']",11
1348649,2023-01-27,T20I,"JSCA International Stadium Complex, Ranchi",Ranchi,New Zealand,1,0,0,India,field,"['Shubman Gill', 'Ishan Kishan', 'RA Tripathi', 'SA Yadav', 'HH Pandya', 'Washington Sundar', 'DJ Hooda', 'Shivam Mavi', 'Kuldeep Yadav', 'Arshdeep Singh', 'Umran Malik']",11
1348650,2023-01-29,T20I,"Bharat Ratna Shri Atal Bihari Vajpayee Ekana Cricket Stadium, Lucknow",Lucknow,New Zealand,1,0,1,New Zealand,bat,"['Shubman Gill', 'Ishan Kishan', 'RA Tripathi', 'SA Yadav', 'Washington Sundar', 'HH Pandya', 'DJ Hooda', 'Shivam Mavi', 'Kuldeep Yadav', 'Arshdeep Singh', 'YS Chahal']",11
1348651,2023-02-01,T20I,"Narendra Modi Stadium, Ahmedabad",Ahmedabad,New Zealand,1,0,1,India,bat,"['Ishan Kishan', 'Shubman Gill', 'RA Tripathi', 'SA Yadav', 'HH Pandya', 'DJ Hooda', 'Washington Sundar', 'Shivam Mavi', 'Kuldeep Yadav', 'Arshdeep Singh', 'Umran Malik']",11
1348652,2023-02-09,TEST,"Vidarbha Cricket Association Stadium, Jamtha, Nagpur",Nagpur,Australia,1,0,1,Australia,bat,"['RG Sharma', 'KL Rahul', 'R Ashwin', 'CA Pujara', 'V Kohli', 'SA Yadav', 'RA Jadeja', 'KS Bharat', 'AR Patel', 'Mohammed Shami', 'Mohammed Siraj']",11
1348653,2023-02-17,TEST,"Arun Jaitley Stadium, Delhi",Delhi,Australia,1,0,1,Australia,bat,"['RG Sharma', 'KL Rahul', 'CA Pujara', 'V Kohli', 'SS Iyer', 'RA Jadeja', 'KS Bharat', 'AR Patel', 'R Ashwin', 'Mohammed Shami', 'Mohammed Siraj']",11
1348654,2023-03-01,TEST,"Holkar Cricket Stadium, Indore",Indore,Australia,1,0,0,India,bat,"['RG Sharma', 'Shubman Gill', 'CA Pujara', 'V Kohli', 'RA Jadeja', 'SS Iyer', 'KS Bharat', 'AR Patel', 'R Ashwin', 'UT Yadav', 'Mohammed Siraj']",11
1348655,2023-03-09,TEST,"Narendra Modi Stadium, Ahmedabad",Ahmedabad,Australia,1,0,-1,Australia,bat,"['RG Sharma', 'Shubman Gill', 'CA Pujara', 'V Kohli', 'RA Jadeja', 'KS Bharat', 'AR Patel', 'R Ashwin', 'UT Yadav', 'Mohammed Shami', 'SS Iyer']",11
1348656,2023-03-17,ODI,"Wankhede Stadium, Mumbai",Mumbai,Australia,1,0,1,India,field,"['Ishan Kishan', 'Shubman Gill', 'V Kohli', 'SA Yadav', 'KL Rahul', 'HH Pandya', 'RA Jadeja', 'SN Thakur', 'Kuldeep Yadav', 'Mohammed Siraj', 'Mohammed Shami']",11
1348657,2023-03-19,ODI,"Dr. Y.S. Rajasekhara Reddy ACA-VDCA Cricket Stadium, Visakhapatnam",Visakhapatnam,Australia,1,0,0,Australia,field,"['RG Sharma', 'Shubman Gill', 'V Kohli', 'SA Yadav', 'KL Rahul', 'HH Pandya', 'RA Jadeja', 'AR Patel', 'Kuldeep Yadav', 'Mohammed Shami', 'Mohammed Siraj']",11
1348658,2023-03-22,ODI,"MA Chidambaram Stadium, Chepauk, Chennai",Chennai,Australia,1,0,0,Australia,bat,"['RG Sharma', 'Shubman Gill', 'V Kohli', 'KL Rahul', 'AR Patel', 'HH Pandya', 'SA Yadav', 'RA Jadeja', 'Kuldeep Yadav', 'Mohammed Shami', 'Mohammed Siraj']",11
1358412,2023-06-07,TEST,"Kennington Oval, London",London,Australia,0,1,0,India,field,"['RG Sharma', 'Shubman Gill', 'CA Pujara', 'V Kohli', 'AM Rahane', 'RA Jadeja', 'KS Bharat', 'SN Thakur', 'UT Yadav', 'Mohammed Shami', 'Mohammed Siraj']",11
1381212,2023-07-12,TEST,"Windsor Park, Roseau, Dominica",Roseau,West Indies,0,0,1,West Indies,bat,"['YBK Jaiswal', 'RG Sharma', 'Shubman Gill', 'V Kohli', 'AM Rahane', 'RA Jadeja', 'Ishan Kishan', 'R Ashwin', 'SN Thakur', 'JD Unadkat', 'Mohammed Siraj']",11
1381213,2023-07-20,TEST,"Queen's Park Oval, Port of Spain, Trinidad",Port of Spain,West Indies,0,1,-1,West Indies,field,"['YBK Jaiswal', 'RG Sharma', 'Shubman Gill', 'V Kohli', 'AM Rahane', 'RA Jadeja', 'Ishan Kishan', 'R Ashwin', 'JD Unadkat', 'Mohammed Siraj', 'Mukesh Kumar']",11
1381214,2023-07-27,ODI,"Kensington Oval, Bridgetown, Barbados",Bridgetown,West Indies,0,1,1,India,field,"['Ishan Kishan', 'Shubman Gill', 'SA Yadav', 'HH Pandya', 'RA Jadeja', 'SN Thakur', 'RG Sharma', 'V Kohli', 'Kuldeep Yadav', 'Umran Malik', 'Mukesh Kumar']",11
1381215,2023-07-29,ODI,"Kensington Oval, Bridgetown, Barbados",Bridgetown,West Indies,0,1,0,West Indies,field,"['Ishan Kishan', 'Shubman Gill', 'SV Samson', 'AR Patel', 'HH Pandya', 'SA Yadav', 'RA Jadeja', 'SN Thakur', 'Kuldeep Yadav', 'Umran Malik', 'Mukesh Kumar']",11
1381216,2023-08-01,ODI,"Brian Lara Stadium, Tarouba, Trinidad",Tarouba,West Indies,0,0,1,West Indies,field,"['Ishan Kishan', 'Shubman Gill', 'RD Gaikwad', 'SV Samson', 'HH Pandya', 'SA Yadav', 'RA Jadeja', 'SN Thakur', 'JD Unadkat', 'Kuldeep Yadav', 'Mukesh Kumar']",11
1381217,2023-08-03,T20I,"Brian Lara Stadium, Tarouba, Trinidad",Tarouba,West Indies,0,0,0,West Indies,bat,"['Ishan Kishan', 'Shubman Gill', 'SA Yadav', 'Tilak Varma', 'HH Pandya', 'SV Samson', 'AR Patel', 'Kuldeep Yadav', 'Arshdeep Singh', 'YS Chahal', 'Mukesh Kumar']",11
1381218,2023-08-06,T20I,"Providence Stadium, Guyana",Providence,West Indies,0,0,0,India,bat,"['Ishan Kishan', 'Shubman Gill', 'SA Yadav', 'Tilak Varma', 'SV Samson', 'HH Pandya', 'AR Patel', 'Ravi Bishnoi', 'Arshdeep Singh', 'YS Chahal', 'Mukesh Kumar']",11
1381219,2023-08-08,T20I,"Providence Stadium, Guyana",Providence,West Indies,0,0,1,West Indies,bat,"['YBK Jaiswal', 'Shubman Gill', 'SA Yadav', 'Tilak Varma', 'HH Pandya', 'SV Samson', 'AR Patel', 'Kuldeep Yadav', 'YS Chahal', 'Arshdeep Singh', 'Mukesh Kumar']",11
1381220,2023-08-12,T20I,"Central Broward Regional Park Stadium Turf Ground, Lauderhill",Lauderhill,West Indies,0,0,1,West Indies,bat,"['YBK Jaiswal', 'Shubman Gill', 'Tilak Varma', 'SA Yadav', 'HH Pandya', 'SV Samson', 'AR Patel', 'Kuldeep Yadav', 'YS Chahal', 'Arshdeep Singh', 'Mukesh Kumar']",11
1381221,2023-08-13,T20I,"Central Broward Regional Park Stadium Turf Ground, Lauderhill",Lauderhill,West Indies,0,0,0,India,bat,"['YBK Jaiswal', 'Shubman Gill', 'SA Yadav', 'Tilak Varma', 'SV Samson', 'HH Pandya', 'AR Patel', 'Arshdeep Singh', 'Kuldeep Yadav', 'YS Chahal', 'Mukesh Kumar']",11
1384634,2023-08-18,T20I,"Malahide, Dublin",Dublin,Ireland,0,0,1,India,field,"['YBK Jaiswal', 'RD Gaikwad', 'Tilak Varma', 'SV Samson', 'RK Singh', 'S Dube', 'Washington Sundar', 'Arshdeep Singh', 'JJ Bumrah', 'Ravi Bishnoi', 'M Prasidh Krishna']",11
1384637,2023-08-20,T20I,"Malahide, Dublin",Dublin,Ireland,0,0,1,Ireland,field,"['YBK Jaiswal', 'RD Gaikwad', 'Tilak Varma', 'SV Samson', 'RK Singh', 'S Dube', 'Washington Sundar', 'Arshdeep Singh', 'JJ Bumrah', 'Ravi Bishnoi', 'M Prasidh Krishna']",11
1388394,2023-09-02,ODI,Pallekele International Cricket Stadium,Kandy,Pakistan,0,0,-1,India,bat,"['RG Sharma', 'Shubman Gill', 'V Kohli', 'SS Iyer', 'Ishan Kishan', 'HH Pandya', 'RA Jadeja', 'SN Thakur', 'Kuldeep Yadav', 'JJ Bumrah', 'Mohammed Siraj']",11
1388398,2023-09-04,ODI,Pallekele International Cricket Stadium,Kandy,Nepal,0,0,1,India,field,"['RG Sharma', 'Shubman Gill', 'V Kohli', 'SS Iyer', 'Ishan Kishan', 'HH Pandya', 'RA Jadeja', 'SN Thakur', 'Kuldeep Yadav', 'Mohammed Shami', 'Mohammed Siraj']",11
1388406,2023-09-10,ODI,"R Premadasa Stadium, Colombo",Colombo,Pakistan,0,0,1,Pakistan,field,"['RG Sharma', 'Shubman Gill', 'V Kohli', 'KL Rahul', 'Ishan Kishan', 'HH Pandya', 'RA Jadeja', 'SN Thakur', 'Kuldeep Yadav', 'JJ Bumrah', 'Mohammed Siraj']",11
1388407,2023-09-12,ODI,"R Premadasa Stadium, Colombo",Colombo,Sri Lanka,0,0,1,India,bat,"['RG Sharma', 'Shubman Gill', 'V Kohli', 'Ishan Kishan', 'KL Rahul', 'HH Pandya', 'RA Jadeja', 'AR Patel', 'JJ Bumrah', 'Kuldeep Yadav', 'Mohammed Siraj']",11
1388412,2023-09-15,ODI,"R Premadasa Stadium, Colombo",Colombo,Bangladesh,0,0,0,India,field,"['RG Sharma', 'Shubman Gill', 'Tilak Varma', 'KL Rahul', 'Ishan Kishan', 'SA Yadav', 'RA Jadeja', 'AR Patel', 'SN Thakur', 'Mohammed Shami', 'M Prasidh Krishna']",11
1388414,2023-09-17,ODI,"R Premadasa Stadium, Colombo",Colombo,Sri Lanka,0,0,1,Sri Lanka,bat,"['Ishan Kishan', 'Shubman Gill', 'RG Sharma', 'V Kohli', 'KL Rahul', 'HH Pandya', 'RA Jadeja', 'Washington Sundar', 'JJ Bumrah', 'Kuldeep Yadav', 'Mohammed Siraj']",11
1389388,2023-09-22,ODI,"Punjab Cricket Association IS Bindra Stadium, Mohali, Chandigarh",Chandigarh,Australia,1,0,1,India,field,"['RD Gaikwad', 'Shubman Gill', 'SS Iyer', 'KL Rahul', 'Ishan Kishan', 'SA Yadav', 'RA Jadeja', 'R Ashwin', 'SN Thakur', 'JJ Bumrah', 'Mohammed Shami']",11
1389389,2023-09-24,ODI,"Holkar Cricket Stadium, Indore",Indore,Australia,1,0,1,Australia,field,"['RD Gaikwad', 'Shubman Gill', 'SS Iyer', 'KL Rahul', 'Ishan Kishan', 'SA Yadav', 'RA Jadeja', 'R Ashwin', 'SN Thakur', 'Mohammed Shami', 'M Prasidh Krishna']",11
1389390,2023-09-27,ODI,"Saurashtra Cricket Association Stadium, Rajkot",Rajkot,Australia,1,0,0,Australia,bat,"['RG Sharma', 'Washington Sundar', 'V Kohli', 'SS Iyer', 'KL Rahul', 'SA Yadav', 'RA Jadeja', 'Kuldeep Yadav', 'JJ Bumrah', 'Mohammed Siraj', 'M Prasidh Krishna']",11
1399113,2023-10-03,T20I,Zhejiang University of Technology Cricket Field,Hangzhou,Nepal,0,0,1,India,bat,"['YBK Jaiswal', 'RD Gaikwad', 'Tilak Varma', 'JM Sharma', 'S Dube', 'RK Singh', 'R Sai Kishore', 'Washington Sundar', 'Ravi Bishnoi', 'Avesh Khan', 'Arshdeep Singh']",11
1399117,2023-10-06,T20I,Zhejiang University of Technology Cricket Field,Hangzhou,Bangladesh,0,0,1,India,field,"['YBK Jaiswal', 'RD Gaikwad', 'Tilak Varma', 'JM Sharma', 'RK Singh', 'S Dube', 'Washington Sundar', 'Shahbaz Ahmed', 'R Sai Kishore', 'Ravi Bishnoi', 'Arshdeep Singh']",11
1384396,2023-10-08,ODI,"MA Chidambaram Stadium, Chepauk, Chennai",Chennai,Australia,1,0,1,Australia,bat,"['RG Sharma', 'Ishan Kishan', 'V Kohli', 'SS Iyer', 'KL Rahul', 'HH Pandya', 'RA Jadeja', 'R Ashwin', 'Kuldeep Yadav', 'JJ Bumrah', 'Mohammed Siraj']",11
1384403,2023-10-14,ODI,"Narendra Modi Stadium, Ahmedabad",Ahmedabad,Pakistan,1,0,1,India,field,"['RG Sharma', 'Shubman Gill', 'V Kohli', 'SS Iyer', 'KL Rahul', 'HH Pandya', 'RA Jadeja', 'SN Thakur', 'JJ Bumrah', 'Kuldeep Yadav', 'Mohammed Siraj']",11
1384408,2023-10-19,ODI,"Maharashtra Cricket Association Stadium, Pune",Pune,Bangladesh,1,0,1,Bangladesh,bat,"['RG Sharma', 'Shubman Gill', 'V Kohli', 'SS Iyer', 'KL Rahul', 'HH Pandya', 'RA Jadeja', 'SN Thakur', 'JJ Bumrah', 'Kuldeep Yadav', 'Mohammed Siraj']",11
1384412,2023-10-22,ODI,"Himachal Pradesh Cricket Association Stadium, Dharamsala",Dharamsala,New Zealand,1,0,1,India,field,"['RG Sharma', 'Shubman Gill', 'V Kohli', 'SS Iyer', 'KL Rahul', 'SA Yadav', 'RA Jadeja', 'Mohammed Shami', 'JJ Bumrah', 'Kuldeep Yadav', 'Mohammed Siraj']",11
1384420,2023-10-29,ODI,"Bharat Ratna Shri Atal Bihari Vajpayee Ekana Cricket Stadium, Lucknow",Lucknow,England,1,0,1,England,field,"['RG Sharma', 'Shubman Gill', 'V Kohli', 'SS Iyer', 'KL Rahul', 'SA Yadav', 'RA Jadeja', 'Mohammed Shami', 'JJ Bumrah', 'Kuldeep Yadav', 'Mohammed Siraj']",11
1384424,2023-11-02,ODI,"Wankhede Stadium, Mumbai",Mumbai,Sri Lanka,1,0,1,Sri Lanka,field,"['RG Sharma', 'Shubman Gill', 'V Kohli', 'SS Iyer', 'KL Rahul', 'SA Yadav', 'RA Jadeja', 'Mohammed Shami', 'JJ Bumrah', 'Kuldeep Yadav', 'Mohammed Siraj']",11
1384428,2023-11-05,ODI,"Eden Gardens, Kolkata",Kolkata,South Africa,1,0,1,India,bat,"['RG Sharma', 'Shubman Gill', 'V Kohli', 'SS Iyer', 'KL Rahul', 'SA Yadav', 'RA Jadeja', 'Mohammed Shami', 'JJ Bumrah', 'Kuldeep Yadav', 'Mohammed Siraj']",11
1384436,2023-11-12,ODI,"M Chinnaswamy Stadium, Bengaluru",Bengaluru,Netherlands,1,0,1,India,bat,"['RG Sharma', 'Shubman Gill', 'V Kohli', 'SS Iyer', 'KL Rahul', 'SA Yadav', 'RA Jadeja', 'JJ Bumrah', 'Mohammed Shami', 'Kuldeep Yadav', 'Mohammed Siraj']",11
1384437,2023-11-15,ODI,"Wankhede Stadium, Mumbai",Mumbai,New Zealand,1,0,1,India,bat,"['RG Sharma', 'Shubman Gill', 'V Kohli', 'SS Iyer', 'KL Rahul', 'SA Yadav', 'RA Jadeja', 'JJ Bumrah', 'Mohammed Shami', 'Kuldeep Yadav', 'Mohammed Siraj']",11
1384439,2023-11-19,ODI,"Narendra Modi Stadium, Ahmedabad",Ahmedabad,Australia,1,0,0,Australia,field,"['RG Sharma', 'Shubman Gill', 'V Kohli', 'SS Iyer', 'KL Rahul', 'RA Jadeja', 'SA Yadav', 'Mohammed Shami', 'JJ Bumrah', 'Kuldeep Yadav', 'Mohammed Siraj']",11
1389391,2023-11-23,T20I,"Dr. Y.S. Rajasekhara Reddy ACA-VDCA Cricket Stadium, Visakhapatnam",Visakhapatnam,Australia,1,0,1,India,field,"['YBK Jaiswal', 'RD Gaikwad', 'Ishan Kishan', 'SA Yadav', 'Tilak Varma', 'RK Singh', 'AR Patel', 'Ravi Bishnoi', 'Arshdeep Singh', 'Mukesh Kumar', 'M Prasidh Krishna']",11
1389392,2023-11-26,T20I,"Greenfield International Stadium, Thiruvananthapuram",Thiruvananthapuram,Australia,1,0,1,Australia,field,"['YBK Jaiswal', 'RD Gaikwad', 'Ishan Kishan', 'SA Yadav', 'RK Singh', 'Tilak Varma', 'AR Patel', 'Ravi Bishnoi', 'Arshdeep Singh', 'Mukesh Kumar', 'M Prasidh Krishna']",11
1389393,2023-11-28,T20I,"Barsapara Cricket Stadium, Guwahati",Guwahati,Australia,1,0,0,Australia,field,"['YBK Jaiswal', 'RD Gaikwad', 'Ishan Kishan', 'SA Yadav', 'Tilak Varma', 'RK Singh', 'AR Patel', 'Ravi Bishnoi', 'Arshdeep Singh', 'Avesh Khan', 'M Prasidh Krishna']",11
1389394,2023-12-01,T20I,"Shaheed Veer Narayan Singh International Stadium, Raipur",Raipur,Australia,0,0,1,Australia,field,"['YBK Jaiswal', 'RD Gaikwad', 'SS Iyer', 'SA Yadav', 'RK Singh', 'JM Sharma', 'AR Patel', 'DL Chahar', 'Ravi Bishnoi', 'Avesh Khan', 'Mukesh Kumar']",11
1389395,2023-12-03,T20I,"M Chinnaswamy Stadium, Bengaluru",Bengaluru,Australia,1,0,1,Australia,field,"['YBK Jaiswal', 'RD Gaikwad', 'SS Iyer', 'SA Yadav', 'RK Singh', 'JM Sharma', 'AR Patel', 'Ravi Bishnoi', 'Arshdeep Singh', 'Avesh Khan', 'Mukesh Kumar']",11
1387598,2023-12-12,T20I,"St George's Park, Gqeberha",Gqeberha,South Africa,0,0,0,South Africa,field,"['YBK Jaiswal', 'Shubman Gill', 'Tilak Varma', 'SA Yadav', 'RK Singh', 'JM Sharma', 'RA Jadeja', 'Arshdeep Singh', 'Kuldeep Yadav', 'Mohammed Siraj', 'Mukesh Kumar']",11
1387599,2023-12-14,T20I,"The Wanderers Stadium, Johannesburg",Johannesburg,South Africa,0,1,1,South Africa,field,"['YBK Jaiswal', 'Shubman Gill', 'Tilak Varma', 'SA Yadav', 'RK Singh', 'JM Sharma', 'RA Jadeja', 'Arshdeep Singh', 'Mohammed Siraj', 'Kuldeep Yadav', 'Mukesh Kumar']",11
1387600,2023-12-17,ODI,"The Wanderers Stadium, Johannesburg",Johannesburg,South Africa,0,1,1,South Africa,bat,"['RD Gaikwad', 'B Sai Sudharsan', 'SS Iyer', 'Tilak Varma', 'KL Rahul', 'SV Samson', 'AR Patel', 'Arshdeep Singh', 'Avesh Khan', 'Kuldeep Yadav', 'Mukesh Kumar']",11
1387601,2023-12-19,ODI,"St George's Park, Gqeberha",Gqeberha,South Africa,0,0,0,South Africa,field,"['RD Gaikwad', 'B Sai Sudharsan', 'Tilak Varma', 'KL Rahul', 'SV Samson', 'RK Singh', 'AR Patel', 'Kuldeep Yadav', 'Arshdeep Singh', 'Avesh Khan', 'Mukesh Kumar']",11
1387602,2023-12-21,ODI,"Boland Park, Paarl",Paarl,South Africa,0,0,1,South Africa,field,"['RM Patidar', 'B Sai Sudharsan', 'SV Samson', 'KL Rahul', 'Tilak Varma', 'RK Singh', 'AR Patel', 'Washington Sundar', 'Arshdeep Singh', 'Avesh Khan', 'Mukesh Kumar']",11
1387603,2023-12-26,TEST,"SuperSport Park, Centurion",Centurion,South Africa,0,1,0,South Africa,field,"['YBK Jaiswal', 'RG Sharma', 'Shubman Gill', 'V Kohli', 'SS Iyer', 'KL Rahul', 'R Ashwin', 'SN Thakur', 'JJ Bumrah', 'Mohammed Siraj', 'M Prasidh Krishna']",11
1387604,2024-01-03,TEST,"Newlands, Cape Town",Cape Town,South Africa,0,1,1,South Africa,bat,"['YBK Jaiswal', 'RG Sharma', 'Shubman Gill', 'V Kohli', 'SS Iyer', 'KL Rahul', 'RA Jadeja', 'JJ Bumrah', 'Mohammed Siraj', 'M Prasidh Krishna', 'Mukesh Kumar']",11
1389399,2024-01-25,TEST,"Rajiv Gandhi International Stadium, Uppal, Hyderabad",Hyderabad,England,1,0,0,England,bat,"['YBK Jaiswal', 'RG Sharma', 'Shubman Gill', 'KL Rahul', 'SS Iyer', 'RA Jadeja', 'KS Bharat', 'R Ashwin', 'AR Patel', 'JJ Bumrah', 'Mohammed Siraj']",11
1389400,2024-02-02,TEST,"Dr. Y.S. Rajasekhara Reddy ACA-VDCA Cricket Stadium, Visakhapatnam",Visakhapatnam,England,1,0,1,India,bat,"['YBK Jaiswal', 'RG Sharma', 'Shubman Gill', 'SS Iyer', 'RM Patidar', 'AR Patel', 'KS Bharat', 'R Ashwin', 'Kuldeep Yadav', 'JJ Bumrah', 'Mukesh Kumar']",11
1389401,2024-02-15,TEST,"Saurashtra Cricket Association Stadium, Rajkot",Rajkot,England,1,0,1,India,bat,"['YBK Jaiswal', 'RG Sharma', 'Shubman Gill', 'RM Patidar', 'RA Jadeja', 'SN Khan', 'Kuldeep Yadav', 'Dhruv Jurel', 'R Ashwin', 'JJ Bumrah', 'Mohammed Siraj']",11
1389402,2024-02-23,TEST,"JSCA International Stadium Complex, Ranchi",Ranchi,England,1,0,1,England,bat,"['YBK Jaiswal', 'RG Sharma', 'Shubman Gill', 'RM Patidar', 'RA Jadeja', 'SN Khan', 'Dhruv Jurel', 'R Ashwin', 'Kuldeep Yadav', 'Akash Deep', 'Mohammed Siraj']",11
1389403,2024-03-07,TEST,"Himachal Pradesh Cricket Association Stadium, Dharamsala",Dharamsala,England,1,0,1,England,bat,"['YBK Jaiswal', 'RG Sharma', 'Shubman Gill', 'D Padikkal', 'SN Khan', 'RA Jadeja', 'Dhruv Jurel', 'R Ashwin', 'Kuldeep Yadav', 'JJ Bumrah', 'Mohammed Siraj']",11
1415708,2024-06-05,T20I,"Nassau County International Cricket Stadium, New York",New York,Ireland,0,0,1,India,field,"['RG Sharma', 'V Kohli', 'RR Pant', 'SA Yadav', 'S Dube', 'HH Pandya', 'RA Jadeja', 'AR Patel', 'JJ Bumrah', 'Arshdeep Singh', 'Mohammed Siraj']",11
1415719,2024-06-09,T20I,"Nassau County International Cricket Stadium, New York",New York,Pakistan,0,0,1,Pakistan,field,"['RG Sharma', 'V Kohli', 'RR Pant', 'AR Patel', 'SA Yadav', 'S Dube', 'HH Pandya', 'RA Jadeja', 'Arshdeep Singh', 'JJ Bumrah', 'Mohammed Siraj']",11
1415725,2024-06-12,T20I,"Nassau County International Cricket Stadium, New York",New York,United States of America,0,0,1,India,field,"['RG Sharma', 'V Kohli', 'RR Pant', 'SA Yadav', 'S Dube', 'HH Pandya', 'RA Jadeja', 'AR Patel', 'Arshdeep Singh', 'JJ Bumrah', 'Mohammed Siraj']",11
1415747,2024-06-22,T20I,"Sir Vivian Richards Stadium, North Sound, Antigua",North Sound,Bangladesh,0,0,1,Bangladesh,field,"['RG Sharma', 'V Kohli', 'RR Pant', 'SA Yadav', 'S Dube', 'HH Pandya', 'AR Patel', 'RA Jadeja', 'Arshdeep Singh', 'Kuldeep Yadav', 'JJ Bumrah']",11
1415751,2024-06-24,T20I,"Daren Sammy National Cricket Stadium, Gros Islet, St Lucia",Gros Islet,Australia,0,0,1,Australia,field,"['RG Sharma', 'V Kohli', 'RR Pant', 'SA Yadav', 'S Dube', 'HH Pandya', 'RA Jadeja', 'AR Patel', 'Kuldeep Yadav', 'Arshdeep Singh', 'JJ Bumrah']",11
1415754,2024-06-27,T20I,"Providence Stadium, Guyana",Providence,England,0,0,1,England,field,"['RG Sharma', 'V Kohli', 'RR Pant', 'SA Yadav', 'HH Pandya', 'RA Jadeja', 'S Dube', 'AR Patel', 'Arshdeep Singh', 'Kuldeep Yadav', 'JJ Bumrah']",11
1415755,2024-06-29,T20I,"Kensington Oval, Bridgetown, Barbados",Bridgetown,South Africa,0,1,1,India,bat,"['RG Sharma', 'V Kohli', 'RR Pant', 'SA Yadav', 'AR Patel', 'S Dube', 'HH Pandya', 'RA Jadeja', 'Kuldeep Yadav', 'Arshdeep Singh', 'JJ Bumrah']",11
1420223,2024-07-06,T20I,Harare Sports Club,Harare,Zimbabwe,0,0,0,India,field,"['Abhishek Sharma', 'Shubman Gill', 'RD Gaikwad', 'R Parag', 'RK Singh', 'Dhruv Jurel', 'Washington Sundar', 'Ravi Bishnoi', 'Avesh Khan', 'Mukesh Kumar', 'KK Ahmed']",11
1420224,2024-07-07,T20I,Harare Sports Club,Harare,Zimbabwe,0,0,1,India,bat,"['Shubman Gill', 'Abhishek Sharma', 'RD Gaikwad', 'RK Singh', 'R Parag', 'B Sai Sudharsan', 'Dhruv Jurel', 'Washington Sundar', 'Ravi Bishnoi', 'Avesh Khan', 'Mukesh Kumar']",11
1420225,2024-07-10,T20I,Harare Sports Club,Harare,Zimbabwe,0,0,1,India,bat,"['YBK Jaiswal', 'Shubman Gill', 'Abhishek Sharma', 'RD Gaikwad', 'SV Samson', 'RK Singh', 'S Dube', 'Washington Sundar', 'Ravi Bishnoi', 'Avesh Khan', 'KK Ahmed']",11
1420226,2024-07-13,T20I,Harare Sports Club,Harare,Zimbabwe,0,0,1,India,field,"['YBK Jaiswal', 'Shubman Gill', 'Abhishek Sharma', 'RD Gaikwad', 'SV Samson', 'RK Singh', 'S Dube', 'Washington Sundar', 'Ravi Bishnoi', 'TU Deshpande', 'KK Ahmed']",11
1420227,2024-07-14,T20I,Harare Sports Club,Harare,Zimbabwe,0,0,1,Zimbabwe,field,"['YBK Jaiswal', 'Shubman Gill', 'Abhishek Sharma', 'SV Samson', 'R Parag', 'S Dube', 'RK Singh', 'Washington Sundar', 'Ravi Bishnoi', 'TU Deshpande', 'Mukesh Kumar']",11
1442987,2024-07-27,T20I,Pallekele International Cricket Stadium,Kandy,Sri Lanka,0,0,1,Sri Lanka,field,"['YBK Jaiswal', 'Shubman Gill', 'SA Yadav', 'RR Pant', 'HH Pandya', 'R Parag', 'RK Singh', 'AR Patel', 'Arshdeep Singh', 'Ravi Bishnoi', 'Mohammed Siraj']",11
1442988,2024-07-28,T20I,Pallekele International Cricket Stadium,Kandy,Sri Lanka,0,0,1,India,field,"['YBK Jaiswal', 'SV Samson', 'SA Yadav', 'HH Pandya', 'RR Pant', 'R Parag', 'RK Singh', 'AR Patel', 'Arshdeep Singh', 'Ravi Bishnoi', 'Mohammed Siraj']",11
1442989,2024-07-30,T20I,Pallekele International Cricket Stadium,Kandy,Sri Lanka,0,0,-1,Sri Lanka,field,"['YBK Jaiswal', 'Shubman Gill', 'SV Samson', 'RK Singh', 'SA Yadav', 'S Dube', 'R Parag', 'Washington Sundar', 'Ravi Bishnoi', 'Mohammed Siraj', 'KK Ahmed']",11
1442990,2024-08-02,ODI,"R Premadasa Stadium, Colombo",Colombo,Sri Lanka,0,0,-1,Sri Lanka,bat,"['RG Sharma', 'Shubman Gill', 'V Kohli', 'Washington Sundar', 'SS Iyer', 'KL Rahul', 'AR Patel', 'S Dube', 'Kuldeep Yadav', 'Mohammed Siraj', 'Arshdeep Singh']",11
1442991,2024-08-04,ODI,"R Premadasa Stadium, Colombo",Colombo,Sri Lanka,0,0,0,Sri Lanka,bat,"['RG Sharma', 'Shubman Gill', 'V Kohli', 'S Dube', 'AR Patel', 'SS Iyer', 'KL Rahul', 'Washington Sundar', 'Kuldeep Yadav', 'Mohammed Siraj', 'Arshdeep Singh']",11
1442992,2024-08-07,ODI,"R Premadasa Stadium, Colombo",Colombo,Sri Lanka,0,0,0,Sri Lanka,bat,"['RG Sharma', 'Shubman Gill', 'V Kohli', 'RR Pant', 'SS Iyer', 'AR Patel', 'R Parag', 'S Dube', 'Washington Sundar', 'Kuldeep Yadav', 'Mohammed Siraj']",11
1439891,2024-09-19,TEST,"MA Chidambaram Stadium, Chepauk, Chennai",Chennai,Bangladesh,1,0,1,Bangladesh,field,"['YBK Jaiswal', 'RG Sharma', 'Shubman Gill', 'V Kohli', 'RR Pant', 'KL Rahul', 'RA Jadeja', 'R Ashwin', 'Akash Deep', 'JJ Bumrah', 'Mohammed Siraj']",11
1439892,2024-09-27,TEST,"Green Park, Kanpur",Kanpur,Bangladesh,1,0,1,India,field,"['YBK Jaiswal', 'RG Sharma', 'Shubman Gill', 'RR Pant', 'V Kohli', 'KL Rahul', 'RA Jadeja', 'R Ashwin', 'Akash Deep', 'JJ Bumrah', 'Mohammed Siraj']",11
1439893,2024-10-06,T20I,"Shrimant Madhavrao Scindia Cricket Stadium, Gwalior",Gwalior,Bangladesh,1,0,1,India,field,"['SV Samson', 'Abhishek Sharma', 'SA Yadav', 'Nithish Kumar Reddy', 'HH Pandya', 'R Parag', 'RK Singh', 'Washington Sundar', 'CV Varun', 'Arshdeep Singh', 'MP Yadav']",11
1439894,2024-10-09,T20I,"Arun Jaitley Stadium, Delhi",Delhi,Bangladesh,1,0,1,Bangladesh,field,"['SV Samson', 'Abhishek Sharma', 'SA Yadav', 'Nithish Kumar Reddy', 'RK Singh', 'HH Pandya', 'R Parag', 'Washington Sundar', 'CV Varun', 'Arshdeep Singh', 'MP Yadav']",11
1439895,2024-10-12,T20I,"Rajiv Gandhi International Stadium, Uppal, Hyderabad",Hyderabad,Bangladesh,1,0,1,India,bat,"['SV Samson', 'Abhishek Sharma', 'SA Yadav', 'R Parag', 'HH Pandya', 'RK Singh', 'Nithish Kumar Reddy', 'Washington Sundar', 'CV Varun', 'MP Yadav', 'Ravi Bishnoi']",11
1439896,2024-10-16,TEST,"M Chinnaswamy Stadium, Bengaluru",Bengaluru,New Zealand,1,0,0,India,bat,"['YBK Jaiswal', 'RG Sharma', 'V Kohli', 'SN Khan', 'RR Pant', 'KL Rahul', 'RA Jadeja', 'R Ashwin', 'Kuldeep Yadav', 'JJ Bumrah', 'Mohammed Siraj']",11
1439897,2024-10-24,TEST,"Maharashtra Cricket Association Stadium, Pune",Pune,New Zealand,1,0,0,New Zealand,bat,"['YBK Jaiswal', 'RG Sharma', 'Shubman Gill', 'V Kohli', 'RR Pant', 'SN Khan', 'RA Jadeja', 'R Ashwin', 'Washington Sundar', 'Akash Deep', 'JJ Bumrah']",11
1439898,2024-11-01,TEST,"Wankhede Stadium, Mumbai",Mumbai,New Zealand,1,0,0,New Zealand,bat,"['YBK Jaiswal', 'RG Sharma', 'Shubman Gill', 'Mohammed Siraj', 'V Kohli', 'RR Pant', 'RA Jadeja', 'SN Khan', 'Washington Sundar', 'R Ashwin', 'Akash Deep']",11
1449301,2024-11-08,T20I,"Kingsmead, Durban",Durban,South Africa,0,1,1,South Africa,field,"['SV Samson', 'Abhishek Sharma', 'SA Yadav', 'Tilak Varma', 'HH Pandya', 'RK Singh', 'AR Patel', 'Arshdeep Singh', 'Ravi Bishnoi', 'Avesh Khan', 'CV Varun']",11
1449302,2024-11-10,T20I,"St George's Park, Gqeberha",Gqeberha,South Africa,0,0,0,South Africa,field,"['SV Samson', 'Abhishek Sharma', 'SA Yadav', 'Tilak Varma', 'AR Patel', 'HH Pandya', 'RK Singh', 'Arshdeep Singh', 'Ravi Bishnoi', 'Avesh Khan', 'CV Varun']",11
1449303,2024-11-13,T20I,"SuperSport Park, Centurion",Centurion,South Africa,0,1,1,South Africa,field,"['SV Samson', 'Abhishek Sharma', 'Tilak Varma', 'SA Yadav', 'HH Pandya', 'RK Singh', 'Ramandeep Singh', 'AR Patel', 'Arshdeep Singh', 'Ravi Bishnoi', 'CV Varun']",11
1449304,2024-11-15,T20I,"The Wanderers Stadium, Johannesburg",Johannesburg,South Africa,0,1,1,India,bat,"['SV Samson', 'Abhishek Sharma', 'Tilak Varma', 'SA Yadav', 'HH Pandya', 'RK Singh', 'Ramandeep Singh', 'AR Patel', 'Arshdeep Singh', 'Ravi Bishnoi', 'CV Varun']",11
1426555,2024-11-22,TEST,Perth Stadium,Perth,Australia,0,1,1,India,bat,"['YBK Jaiswal', 'KL Rahul', 'D Padikkal', 'V Kohli', 'RR Pant', 'Dhruv Jurel', 'Washington Sundar', 'Nithish Kumar Reddy', 'Harshit Rana', 'JJ Bumrah', 'Mohammed Siraj']",11
1426556,2024-12-06,TEST,Adelaide Oval,Adelaide,Australia,0,1,0,India,bat,"['YBK Jaiswal', 'KL Rahul', 'Shubman Gill', 'V Kohli', 'RR Pant', 'RG Sharma', 'Nithish Kumar Reddy', 'R Ashwin', 'Harshit Rana', 'JJ Bumrah', 'Mohammed Siraj']",11
1426557,2024-12-14,TEST,"Brisbane Cricket Ground, Woolloongabba, Brisbane",Brisbane,Australia,0,1,-1,India,field,"['YBK Jaiswal', 'KL Rahul', 'Shubman Gill', 'V Kohli', 'RR Pant', 'RG Sharma', 'RA Jadeja', 'Nithish Kumar Reddy', 'Mohammed Siraj', 'JJ Bumrah', 'Akash Deep']",11
1426558,2024-12-26,TEST,Melbourne Cricket Ground,Melbourne,Australia,0,1,0,Australia,bat,"['YBK Jaiswal', 'RG Sharma', 'KL Rahul', 'V Kohli', 'Akash Deep', 'RR Pant', 'RA Jadeja', 'Nithish Kumar Reddy', 'Washington Sundar', 'JJ Bumrah', 'Mohammed Siraj']",11
1426559,2025-01-03,TEST,Sydney Cricket Ground,Sydney,Australia,0,1,0,India,bat,"['YBK Jaiswal', 'KL Rahul', 'Shubman Gill', 'V Kohli', 'RR Pant', 'RA Jadeja', 'Nithish Kumar Reddy', 'Washington Sundar', 'M Prasidh Krishna', 'JJ Bumrah', 'Mohammed Siraj']",11
1439899,2025-01-22,T20I,"Eden Gardens, Kolkata",Kolkata,England,1,0,1,India,field,"['SV Samson', 'Abhishek Sharma', 'SA Yadav', 'Tilak Varma', 'HH Pandya', 'RK Singh', 'Nithish Kumar Reddy', 'AR Patel', 'Ravi Bishnoi', 'Arshdeep Singh', 'CV Varun']",11
1439900,2025-01-25,T20I,"MA Chidambaram Stadium, Chepauk, Chennai",Chennai,England,1,0,1,India,field,"['SV Samson', 'Abhishek Sharma', 'Tilak Varma', 'SA Yadav', 'Dhruv Jurel', 'HH Pandya', 'Washington Sundar', 'AR Patel', 'Arshdeep Singh', 'Ravi Bishnoi', 'CV Varun']",11
1439901,2025-01-28,T20I,"Saurashtra Cricket Association Stadium, Rajkot",Rajkot,England,1,0,0,India,field,"['SV Samson', 'Abhishek Sharma', 'SA Yadav', 'Tilak Varma', 'HH Pandya', 'Washington Sundar', 'AR Patel', 'Dhruv Jurel', 'Mohammed Shami', 'Ravi Bishnoi', 'CV Varun']",11
1439902,2025-01-31,T20I,"Maharashtra Cricket Association Stadium, Pune",Pune,England,1,0,1,England,field,"['SV Samson', 'Abhishek Sharma', 'Tilak Varma', 'SA Yadav', 'RK Singh', 'S Dube', 'HH Pandya', 'AR Patel', 'Arshdeep Singh', 'Ravi Bishnoi', 'CV Varun', 'Harshit Rana']",12
1439903,2025-02-02,T20I,"Wankhede Stadium, Mumbai",Mumbai,England,1,0,1,England,field,"['SV Samson', 'Abhishek Sharma', 'Tilak Varma', 'SA Yadav', 'S Dube', 'HH Pandya', 'RK Singh', 'AR Patel', 'Mohammed Shami', 'Ravi Bishnoi', 'CV Varun']",11
1439904,2025-02-06,ODI,"Vidarbha Cricket Association Stadium, Jamtha, Nagpur",Nagpur,England,1,0,1,England,bat,"['YBK Jaiswal', 'RG Sharma', 'Shubman Gill', 'SS Iyer', 'AR Patel', 'KL Rahul', 'HH Pandya', 'RA Jadeja', 'Harshit Rana', 'Kuldeep Yadav', 'Mohammed Shami']",11
1439905,2025-02-09,ODI,"Barabati Stadium, Cuttack",Cuttack,England,1,0,1,England,bat,"['RG Sharma', 'Shubman Gill', 'V Kohli', 'SS Iyer', 'AR Patel', 'KL Rahul', 'HH Pandya', 'RA Jadeja', 'Harshit Rana', 'Mohammed Shami', 'CV Varun']",11
1439906,2025-02-12,ODI,"Narendra Modi Stadium, Ahmedabad",Ahmedabad,England,1,0,1,England,field,"['RG Sharma', 'Shubman Gill', 'V Kohli', 'SS Iyer', 'KL Rahul', 'HH Pandya', 'AR Patel', 'Washington Sundar', 'Harshit Rana', 'Arshdeep Singh', 'Kuldeep Yadav']",11
1466415,2025-02-20,ODI,Dubai International Cricket Stadium,Dubai,Bangladesh,0,0,1,Bangladesh,bat,"['RG Sharma', 'Shubman Gill', 'V Kohli', 'SS Iyer', 'AR Patel', 'KL Rahul', 'HH Pandya', 'RA Jadeja', 'Harshit Rana', 'Mohammed Shami', 'Kuldeep Yadav']",11
1466418,2025-02-23,ODI,Dubai International Cricket Stadium,Dubai,Pakistan,0,0,1,Pakistan,bat,"['RG Sharma', 'Shubman Gill', 'V Kohli', 'SS Iyer', 'HH Pandya', 'AR Patel', 'KL Rahul', 'RA Jadeja', 'Harshit Rana', 'Mohammed Shami', 'Kuldeep Yadav']",11
1466425,2025-03-02,ODI,Dubai International Cricket Stadium,Dubai,New Zealand,0,0,1,New Zealand,field,"['RG Sharma', 'Shubman Gill', 'V Kohli', 'SS Iyer', 'AR Patel', 'KL Rahul', 'HH Pandya', 'RA Jadeja', 'Mohammed Shami', 'Kuldeep Yadav', 'CV Varun']",11
1466426,2025-03-04,ODI,Dubai International Cricket Stadium,Dubai,Australia,0,0,1,Australia,bat,"['RG Sharma', 'Shubman Gill', 'V Kohli', 'SS Iyer', 'AR Patel', 'KL Rahul', 'HH Pandya', 'RA Jadeja', 'Mohammed Shami', 'Kuldeep Yadav', 'CV Varun']",11
1466428,2025-03-09,ODI,Dubai International Cricket Stadium,Dubai,New Zealand,0,0,1,New Zealand,bat,"['RG Sharma', 'Shubman Gill', 'V Kohli', 'SS Iyer', 'AR Patel', 'KL Rahul', 'HH Pandya', 'RA Jadeja', 'Mohammed Shami', 'Kuldeep Yadav', 'CV Varun']",11
1448349,2025-06-20,TEST,"Headingley, Leeds",Leeds,England,0,1,0,England,field,"['YBK Jaiswal', 'KL Rahul', 'B Sai Sudharsan', 'Shubman Gill', 'RR Pant', 'KK Nair', 'RA Jadeja', 'SN Thakur', 'JJ Bumrah', 'Mohammed Siraj', 'M Prasidh Krishna']",11
1448350,2025-07-02,TEST,"Edgbaston, Birmingham",Birmingham,England,0,1,1,England,field,"['YBK Jaiswal', 'KL Rahul', 'KK Nair', 'Shubman Gill', 'RR Pant', 'Nithish Kumar Reddy', 'RA Jadeja', 'Washington Sundar', 'Akash Deep', 'Mohammed Siraj', 'M Prasidh Krishna']",11
1448351,2025-07-10,TEST,"Lord's, London",London,England,0,1,0,England,bat,"['YBK Jaiswal', 'KL Rahul', 'KK Nair', 'Shubman Gill', 'RR Pant', 'RA Jadeja', 'Nithish Kumar Reddy', 'Washington Sundar', 'Akash Deep', 'JJ Bumrah', 'Mohammed Siraj']",11
1448352,2025-07-23,TEST,"Old Trafford, Manchester",Manchester,England,0,1,-1,England,field,"['YBK Jaiswal', 'KL Rahul', 'B Sai Sudharsan', 'Shubman Gill', 'RR Pant', 'RA Jadeja', 'SN Thakur', 'Washington Sundar', 'A Kamboj', 'JJ Bumrah', 'Mohammed Siraj']",11
1448353,2025-07-31,TEST,"Kennington Oval, London",London,England,0,1,1,England,field,"['YBK Jaiswal', 'KL Rahul', 'B Sai Sudharsan', 'Shubman Gill', 'KK Nair', 'RA Jadeja', 'Dhruv Jurel', 'Washington Sundar', 'Akash Deep', 'Mohammed Siraj', 'M Prasidh Krishna']",11
1496921,2025-09-10,T20I,Dubai International Cricket Stadium,Dubai,United Arab Emirates,0,0,1,India,field,"['Abhishek Sharma', 'Shubman Gill', 'SA Yadav', 'Tilak Varma', 'SV Samson', 'S Dube', 'HH Pandya', 'AR Patel', 'Kuldeep Yadav', 'CV Varun', 'JJ Bumrah']",11
1496925,2025-09-14,T20I,Dubai International Cricket Stadium,Dubai,Pakistan,0,0,1,Pakistan,bat,"['Abhishek Sharma', 'Shubman Gill', 'SA Yadav', 'Tilak Varma', 'S Dube', 'SV Samson', 'HH Pandya', 'AR Patel', 'Kuldeep Yadav', 'CV Varun', 'JJ Bumrah']",11
1496931,2025-09-19,T20I,"Zayed Cricket Stadium, Abu Dhabi",Abu Dhabi,Oman,0,0,1,India,bat,"['Abhishek Sharma', 'Shubman Gill', 'SV Samson', 'HH Pandya', 'AR Patel', 'S Dube', 'Tilak Varma', 'Harshit Rana', 'Arshdeep Singh', 'Kuldeep Yadav', 'SA Yadav']",11
1496933,2025-09-21,T20I,Dubai International Cricket Stadium,Dubai,Pakistan,0,0,1,India,field,"['Abhishek Sharma', 'Shubman Gill', 'SA Yadav', 'Tilak Varma', 'SV Samson', 'HH Pandya', 'S Dube', 'AR Patel', 'Kuldeep Yadav', 'CV Varun', 'JJ Bumrah']",11
1496935,2025-09-24,T20I,Dubai International Cricket Stadium,Dubai,Bangladesh,0,0,1,Bangladesh,field,"['Abhishek Sharma', 'Shubman Gill', 'S Dube', 'SA Yadav', 'HH Pandya', 'Tilak Varma', 'AR Patel', 'SV Samson', 'Kuldeep Yadav', 'CV Varun', 'JJ Bumrah']",11
1496937,2025-09-26,T20I,Dubai International Cricket Stadium,Dubai,Sri Lanka,0,0,-1,Sri Lanka,field,"['Abhishek Sharma', 'Shubman Gill', 'SA Yadav', 'Tilak Varma', 'SV Samson', 'HH Pandya', 'AR Patel', 'Harshit Rana', 'Kuldeep Yadav', 'CV Varun', 'Arshdeep Singh']",11
1496938,2025-09-28,T20I,Dubai International Cricket Stadium,Dubai,Pakistan,0,0,1,India,field,"['Abhishek Sharma', 'Shubman Gill', 'SA Yadav', 'Tilak Varma', 'SV Samson', 'S Dube', 'RK Singh', 'AR Patel', 'Kuldeep Yadav', 'CV Varun', 'JJ Bumrah']",11
1479569,2025-10-02,TEST,"Narendra Modi Stadium, Ahmedabad",Ahmedabad,West Indies,1,0,1,West Indies,bat,"['YBK Jaiswal', 'KL Rahul', 'B Sai Sudharsan', 'Shubman Gill', 'Dhruv Jurel', 'RA Jadeja', 'Washington Sundar', 'Nithish Kumar Reddy', 'Kuldeep Yadav', 'JJ Bumrah', 'Mohammed Siraj']",11
1479570,2025-10-10,TEST,"Arun Jaitley Stadium, Delhi",Delhi,West Indies,1,0,1,India,bat,"['YBK Jaiswal', 'KL Rahul', 'B Sai Sudharsan', 'Shubman Gill', 'Nithish Kumar Reddy', 'Dhruv Jurel', 'RA Jadeja', 'Washington Sundar', 'Kuldeep Yadav', 'JJ Bumrah', 'Mohammed Siraj']",11
1478904,2025-10-19,ODI,Perth Stadium,Perth,Australia,0,1,0,Australia,field,"['RG Sharma', 'Shubman Gill', 'V Kohli', 'SS Iyer', 'AR Patel', 'KL Rahul', 'Washington Sundar', 'Nithish Kumar Reddy', 'Harshit Rana', 'Arshdeep Singh', 'Mohammed Siraj']",11
1478905,2025-10-23,ODI,Adelaide Oval,Adelaide,Australia,0,1,0,Australia,field,"['RG Sharma', 'Shubman Gill', 'V Kohli', 'SS Iyer', 'AR Patel', 'KL Rahul', 'Washington Sundar', 'Nithish Kumar Reddy', 'Harshit Rana', 'Arshdeep Singh', 'Mohammed Siraj']",11
1478906,2025-10-25,ODI,Sydney Cricket Ground,Sydney,Australia,0,1,1,Australia,bat,"['RG Sharma', 'Shubman Gill', 'V Kohli', 'SS Iyer', 'AR Patel', 'KL Rahul', 'Washington Sundar', 'Harshit Rana', 'Kuldeep Yadav', 'M Prasidh Krishna', 'Mohammed Siraj']",11
1478907,2025-10-29,T20I,"Manuka Oval, Canberra",Canberra,Australia,0,1,-1,Australia,field,"['Abhishek Sharma', 'Shubman Gill', 'SA Yadav', 'Tilak Varma', 'SV Samson', 'S Dube', 'AR Patel', 'Harshit Rana', 'Kuldeep Yadav', 'CV Varun', 'JJ Bumrah']",11
1478908,2025-10-31,T20I,Melbourne Cricket Ground,Melbourne,Australia,0,1,0,Australia,field,"['Shubman Gill', 'Abhishek Sharma', 'SV Samson', 'SA Yadav', 'Tilak Varma', 'AR Patel', 'Harshit Rana', 'S Dube', 'Kuldeep Yadav', 'CV Varun', 'JJ Bumrah']",11
1478909,2025-11-02,T20I,"Bellerive Oval, Hobart",Hobart,Australia,0,1,1,India,field,"['Abhishek Sharma', 'Shubman Gill', 'SA Yadav', 'Tilak Varma', 'AR Patel', 'Washington Sundar', 'JM Sharma', 'S Dube', 'Arshdeep Singh', 'CV Varun', 'JJ Bumrah']",11
1478910,2025-11-06,T20I,Carrara Oval,Carrara,Australia,0,1,1,Australia,field,"['Abhishek Sharma', 'Shubman Gill', 'S Dube', 'SA Yadav', 'Tilak Varma', 'JM Sharma', 'Washington Sundar', 'AR Patel', 'Arshdeep Singh', 'CV Varun', 'JJ Bumrah']",11
1478911,2025-11-08,T20I,"Brisbane Cricket Ground, Woolloongabba, Brisbane",Brisbane,Australia,0,1,-1,Australia,field,"['Abhishek Sharma', 'Shubman Gill', 'SA Yadav', 'RK Singh', 'AR Patel', 'S Dube', 'JM Sharma', 'Washington Sundar', 'Arshdeep Singh', 'CV Varun', 'JJ Bumrah']",11
1479571,2025-11-14,TEST,"Eden Gardens, Kolkata",Kolkata,South Africa,1,0,0,South Africa,bat,"['YBK Jaiswal', 'KL Rahul', 'Washington Sundar', 'Shubman Gill', 'RR Pant', 'RA Jadeja', 'Dhruv Jurel', 'AR Patel', 'Kuldeep Yadav', 'Mohammed Siraj', 'JJ Bumrah']",11
1479572,2025-11-22,TEST,"Barsapara Cricket Stadium, Guwahati",Guwahati,South Africa,1,0,0,South Africa,bat,"['YBK Jaiswal', 'KL Rahul', 'B Sai Sudharsan', 'Dhruv Jurel', 'RR Pant', 'RA Jadeja', 'Nithish Kumar Reddy', 'Washington Sundar', 'Kuldeep Yadav', 'JJ Bumrah', 'Mohammed Siraj']",11
1479573,2025-11-30,ODI,"JSCA International Stadium Complex, Ranchi",Ranchi,South Africa,1,0,1,South Africa,field,"['YBK Jaiswal', 'RG Sharma', 'V Kohli', 'RD Gaikwad', 'Washington Sundar', 'KL Rahul', 'RA Jadeja', 'Harshit Rana', 'Arshdeep Singh', 'Kuldeep Yadav', 'M Prasidh Krishna']",11
1479574,2025-12-03,ODI,"Shaheed Veer Narayan Singh International Stadium, Raipur",Raipur,South Africa,0,0,0,South Africa,field,"['YBK Jaiswal', 'RG Sharma', 'V Kohli', 'RD Gaikwad', 'KL Rahul', 'Washington Sundar', 'RA Jadeja', 'Harshit Rana', 'Arshdeep Singh', 'Kuldeep Yadav', 'M Prasidh Krishna']",11
1479575,2025-12-06,ODI,"Dr. Y.S. Rajasekhara Reddy ACA-VDCA Cricket Stadium, Visakhapatnam",Visakhapatnam,South Africa,1,0,1,India,field,"['YBK Jaiswal', 'RG Sharma', 'V Kohli', 'RD Gaikwad', 'Tilak Varma', 'KL Rahul', 'RA Jadeja', 'Harshit Rana', 'Kuldeep Yadav', 'Arshdeep Singh', 'M Prasidh Krishna']",11
1479576,2025-12-09,T20I,"Barabati Stadium, Cuttack",Cuttack,South Africa,1,0,1,South Africa,field,"['Abhishek Sharma', 'Shubman Gill', 'SA Yadav', 'Tilak Varma', 'AR Patel', 'HH Pandya', 'S Dube', 'JM Sharma', 'CV Varun', 'Arshdeep Singh', 'JJ Bumrah']",11
1479577,2025-12-11,T20I,"Maharaja Yadavindra Singh International Cricket Stadium, New Chandigarh",New Chandigarh,South Africa,0,0,0,India,field,"['Abhishek Sharma', 'Shubman Gill', 'AR Patel', 'SA Yadav', 'Tilak Varma', 'HH Pandya', 'JM Sharma', 'S Dube', 'Arshdeep Singh', 'CV Varun', 'JJ Bumrah']",11
1479578,2025-12-14,T20I,"Himachal Pradesh Cricket Association Stadium, Dharamsala",Dharamsala,South Africa,1,0,1,India,field,"['Abhishek Sharma', 'Shubman Gill', 'Tilak Varma', 'SA Yadav', 'S Dube', 'HH Pandya', 'JM Sharma', 'Harshit Rana', 'CV Varun', 'Arshdeep Singh', 'Kuldeep Yadav']",11
1479580,2025-12-19,T20I,"Narendra Modi Stadium, Ahmedabad",Ahmedabad,South Africa,1,0,1,South Africa,field,"['SV Samson', 'Abhishek Sharma', 'Tilak Varma', 'SA Yadav', 'HH Pandya', 'S Dube', 'JM Sharma', 'Washington Sundar', 'CV Varun', 'Arshdeep Singh', 'JJ Bumrah']",11
1490231,2026-01-11,ODI,"Kotambi Stadium, Vadodara",Vadodara,New Zealand,0,0,1,India,field,"['RG Sharma', 'Shubman Gill', 'V Kohli', 'SS Iyer', 'RA Jadeja', 'KL Rahul', 'Harshit Rana', 'Washington Sundar', 'Kuldeep Yadav', 'Mohammed Siraj', 'M Prasidh Krishna']",11
1490232,2026-01-14,ODI,"Niranjan Shah Stadium, Rajkot",Rajkot,New Zealand,1,0,0,New Zealand,field,"['RG Sharma', 'Shubman Gill', 'V Kohli', 'SS Iyer', 'KL Rahul', 'RA Jadeja', 'Nithish Kumar Reddy', 'Harshit Rana', 'Mohammed Siraj', 'Kuldeep Yadav', 'M Prasidh Krishna']",11
1490233,2026-01-18,ODI,"Holkar Cricket Stadium, Indore",Indore,New Zealand,1,0,0,India,field,"['RG Sharma', 'Shubman Gill', 'V Kohli', 'SS Iyer', 'KL Rahul', 'Nithish Kumar Reddy', 'RA Jadeja', 'Harshit Rana', 'Mohammed Siraj', 'Kuldeep Yadav', 'Arshdeep Singh']",11
1490234,2026-01-21,T20I,"Vidarbha Cricket Association Stadium, Jamtha, Nagpur",Nagpur,New Zealand,1,0,1,New Zealand,field,"['SV Samson', 'Abhishek Sharma', 'Ishan Kishan', 'SA Yadav', 'HH Pandya', 'S Dube', 'RK Singh', 'AR Patel', 'Arshdeep Singh', 'CV Varun', 'JJ Bumrah']",11
1490235,2026-01-23,T20I,"Shaheed Veer Narayan Singh International Stadium, Raipur",Raipur,New Zealand,0,0,1,India,field,"['SV Samson', 'Abhishek Sharma', 'Ishan Kishan', 'SA Yadav', 'S Dube', 'RK Singh', 'HH Pandya', 'Harshit Rana', 'Kuldeep Yadav', 'Arshdeep Singh', 'CV Varun']",11
1490236,2026-01-25,T20I,"Barsapara Cricket Stadium, Guwahati",Guwahati,New Zealand,1,0,1,India,field,"['SV Samson', 'Abhishek Sharma', 'Ishan Kishan', 'SA Yadav', 'S Dube', 'RK Singh', 'HH Pandya', 'Harshit Rana', 'Ravi Bishnoi', 'Kuldeep Yadav', 'JJ Bumrah']",11
1490237,2026-01-28,T20I,"Dr. Y.S. Rajasekhara Reddy ACA-VDCA Cricket Stadium, Visakhapatnam",Visakhapatnam,New Zealand,1,0,0,India,field,"['Abhishek Sharma', 'SV Samson', 'SA Yadav', 'RK Singh', 'HH Pandya', 'S Dube', 'Harshit Rana', 'Ravi Bishnoi', 'Arshdeep Singh', 'JJ Bumrah', 'Kuldeep Yadav']",11
1490238,2026-01-31,T20I,"Greenfield International Stadium, Thiruvananthapuram",Thiruvananthapuram,New Zealand,1,0,1,India,bat,"['Abhishek Sharma', 'SV Samson', 'Ishan Kishan', 'SA Yadav', 'HH Pandya', 'RK Singh', 'S Dube', 'AR Patel', 'Arshdeep Singh', 'CV Varun', 'JJ Bumrah']",11
1512721,2026-02-07,T20I,"Wankhede Stadium, Mumbai",Mumbai,United States of America,1,0,1,United States of America,field,"['Ishan Kishan', 'Abhishek Sharma', 'Tilak Varma', 'SA Yadav', 'S Dube', 'RK Singh', 'HH Pandya', 'AR Patel', 'Arshdeep Singh', 'CV Varun', 'Mohammed Siraj']",11
1512736,2026-02-12,T20I,"Arun Jaitley Stadium, Delhi",Delhi,Namibia,1,0,1,Namibia,field,"['Ishan Kishan', 'SV Samson', 'Tilak Varma', 'SA Yadav', 'HH Pandya', 'S Dube', 'RK Singh', 'AR Patel', 'CV Varun', 'Arshdeep Singh', 'JJ Bumrah']",11
1512745,2026-02-15,T20I,"R Premadasa Stadium, Colombo",Colombo,Pakistan,0,0,1,Pakistan,field,"['Ishan Kishan', 'Abhishek Sharma', 'Tilak Varma', 'SA Yadav', 'HH Pandya', 'S Dube', 'RK Singh', 'AR Patel', 'Kuldeep Yadav', 'CV Varun', 'JJ Bumrah']",11
1512754,2026-02-18,T20I,"Narendra Modi Stadium, Ahmedabad",Ahmedabad,Netherlands,1,0,1,India,bat,"['Abhishek Sharma', 'Ishan Kishan', 'Tilak Varma', 'SA Yadav', 'S Dube', 'HH Pandya', 'RK Singh', 'Washington Sundar', 'Arshdeep Singh', 'CV Varun', 'JJ Bumrah']",11
1512761,2026-02-22,T20I,"Narendra Modi Stadium, Ahmedabad",Ahmedabad,South Africa,1,0,0,South Africa,bat,"['Ishan Kishan', 'Abhishek Sharma', 'Tilak Varma', 'SA Yadav', 'Washington Sundar', 'S Dube', 'HH Pandya', 'RK Singh', 'Arshdeep Singh', 'CV Varun', 'JJ Bumrah']",11
1512766,2026-02-26,T20I,"MA Chidambaram Stadium, Chepauk, Chennai",Chennai,Zimbabwe,1,0,1,Zimbabwe,field,"['SV Samson', 'Abhishek Sharma', 'Ishan Kishan', 'SA Yadav', 'HH Pandya', 'Tilak Varma', 'S Dube', 'AR Patel', 'Arshdeep Singh', 'CV Varun', 'JJ Bumrah']",11
1512770,2026-03-01,T20I,"Eden Gardens, Kolkata",Kolkata,West Indies,1,0,1,India,field,"['Abhishek Sharma', 'SV Samson', 'Ishan Kishan', 'SA Yadav', 'Tilak Varma', 'HH Pandya', 'S Dube', 'AR Patel', 'Arshdeep Singh', 'CV Varun', 'JJ Bumrah']",11
1512772,2026-03-05,T20I,"Wankhede Stadium, Mumbai",Mumbai,England,1,0,1,England,field,"['SV Samson', 'Abhishek Sharma', 'Ishan Kishan', 'S Dube', 'SA Yadav', 'HH Pandya', 'Tilak Varma', 'AR Patel', 'CV Varun', 'Arshdeep Singh', 'JJ Bumrah']",11
1512773,2026-03-08,T20I,"Narendra Modi Stadium, Ahmedabad",Ahmedabad,New Zealand,1,0,1,New Zealand,field,"['SV Samson', 'Abhishek Sharma', 'Ishan Kishan', 'HH Pandya', 'SA Yadav', 'Tilak Varma', 'S Dube', 'AR Patel', 'Arshdeep Singh', 'CV Varun', 'JJ Bumrah']",11
1528548,2026-06-26,T20I,"Civil Service Cricket Club, Stormont, Belfast",Belfast,Ireland,0,0,0,India,field,"['Abhishek Sharma', 'SV Samson', 'Ishan Kishan', 'SS Iyer', 'Tilak Varma', 'Washington Sundar', 'S Dube', 'AR Patel', 'Harshit Rana', 'Arshdeep Singh', 'M Prasidh Krishna']",11
1528549,2026-06-28,T20I,"Civil Service Cricket Club, Stormont, Belfast",Belfast,Ireland,0,0,0,India,field,"['SV Samson', 'Abhishek Sharma', 'Ishan Kishan', 'SS Iyer', 'Tilak Varma', 'AR Patel', 'S Dube', 'Suryansh Shedge', 'Harshit Rana', 'Arshdeep Singh', 'Prince Yadav']",11
1496574,2026-07-01,T20I,"Riverside Ground, Chester-le-Street",Chester-le-Street,England,0,0,-1,India,bat,"['SV Samson', 'Abhishek Sharma', 'Ishan Kishan', 'SS Iyer', 'Tilak Varma', 'S Dube', 'Harshit Rana', 'AR Patel', 'Ravi Bishnoi', 'Arshdeep Singh', 'CV Varun']",11
1496575,2026-07-04,T20I,"Old Trafford, Manchester",Manchester,England,0,1,0,India,bat,"['Abhishek Sharma', 'V Suryavanshi', 'Ishan Kishan', 'SS Iyer', 'S Dube', 'Tilak Varma', 'AR Patel', 'Harshit Rana', 'Ravi Bishnoi', 'Arshdeep Singh', 'CV Varun']",11
1496576,2026-07-07,T20I,"Trent Bridge, Nottingham",Nottingham,England,0,1,0,India,field,"['Abhishek Sharma', 'V Suryavanshi', 'Ishan Kishan', 'SS Iyer', 'AR Patel', 'Tilak Varma', 'Harshit Rana', 'S Dube', 'Arshdeep Singh', 'CV Varun', 'Prince Yadav']",11
1496577,2026-07-09,T20I,"County Ground, Bristol",Bristol,England,0,0,0,India,bat,"['V Suryavanshi', 'Abhishek Sharma', 'Ishan Kishan', 'SS Iyer', 'S Dube', 'Tilak Varma', 'Washington Sundar', 'AR Patel', 'Prince Yadav', 'Arshdeep Singh', 'M Prasidh Krishna']",11
1496578,2026-07-11,T20I,"The Rose Bowl, Southampton",Southampton,England,0,0,0,India,field,"['SV Samson', 'Abhishek Sharma', 'Ishan Kishan', 'SS Iyer', 'Tilak Varma', 'S Dube', 'Suryansh Shedge', 'AR Patel', 'Arshdeep Singh', 'M Prasidh Krishna', 'Prince Yadav']",11
1496579,2026-07-14,ODI,"Edgbaston, Birmingham",Birmingham,England,0,1,1,England,bat,"['RG Sharma', 'Shubman Gill', 'V Kohli', 'SS Iyer', 'Washington Sundar', 'KL Rahul', 'AR Patel', 'S Dube', 'Gurnoor Brar', 'JJ Bumrah', 'M Prasidh Krishna']",11
1496580,2026-07-16,ODI,"Sophia Gardens, Cardiff",Cardiff,England,0,0,0,England,field,"['RG Sharma', 'Shubman Gill', 'V Kohli', 'Ishan Kishan', 'SS Iyer', 'Washington Sundar', 'AR Patel', 'S Dube', 'Gurnoor Brar', 'JJ Bumrah', 'M Prasidh Krishna']",11
1496581,2026-07-19,ODI,"Lord's, London",London,England,0,1,0,England,bat,"['RG Sharma', 'Shubman Gill', 'V Kohli', 'Ishan Kishan', 'SS Iyer', 'KL Rahul', 'AR Patel', 'Gurnoor Brar', 'Arshdeep Singh', 'Prince Yadav', 'M Prasidh Krishna']",11
1530060,2026-07-23,T20I,Harare Sports Club,Harare,Zimbabwe,0,0,1,India,field,"['Abhishek Sharma', 'V Suryavanshi', 'Ishan Kishan', 'SS Iyer', 'Tilak Varma', 'RK Singh', 'S Dube', 'Ravi Bishnoi', 'Prince Yadav', 'MP Yadav', 'Ashok Sharma']",11
1530061,2026-07-25,T20I,Harare Sports Club,Harare,Zimbabwe,0,0,1,Zimbabwe,field,"['V Suryavanshi', 'Abhishek Sharma', 'Ishan Kishan', 'SS Iyer', 'Tilak Varma', 'RK Singh', 'S Dube', 'Ravi Bishnoi', 'Prince Yadav', 'Yash Thakur', 'MP Yadav']",11
1530062,2026-07-26,T20I,Harare Sports Club,Harare,Zimbabwe,0,0,1,India,bat,"['V Suryavanshi', 'Abhishek Sharma', 'Ishan Kishan', 'SS Iyer', 'Tilak Varma', 'RK Singh', 'Suryansh Shedge', 'Ravi Bishnoi', 'Ashok Sharma', 'Yash Thakur', 'MP Yadav']",11
1544001,2026-08-15,TEST,Galle International Stadium,Galle,Sri Lanka,0,0,1,India,bat,"['YBK Jaiswal', 'KL Rahul', 'D Padikkal', 'Shubman Gill', 'RR Pant', 'Dhruv Jurel', 'RA Jadeja', 'MJ Suthar', 'Mohammed Siraj', 'Kuldeep Yadav', 'M Prasidh Krishna']",11
1544002,2026-08-23,TEST,"Sinhalese Sports Club Ground, Colombo",Colombo,Sri Lanka,0,0,-1,India,bat,"['YBK Jaiswal', 'KL Rahul', 'D Padikkal', 'Shubman Gill', 'RR Pant', 'RA Jadeja', 'Dhruv Jurel', 'Saransh Jain', 'MJ Suthar', 'Mohammed Siraj', 'M Prasidh Krishna']",11
